Product SKU,Product Name,Price,Quantity
3000,3000,360,13
3001,3001,400,15
3002,3002,200,48
3003,3003,200,19
3004,3004,400,19
3005,3005,400,19
3006,3006,400,19
3007,3007,120,96
3008,3008,120,98
3009,3009,400,48
3010,3010,120,47
3011,3011,400,7
3012,3012,600,1
3013,3013,340,1
3014,3014,780,1
3015,3015,200,0
3016,3016,260,0
3017,3017,200,3
3018,3018,260,17
3019,3019,180,1
3020,3020,180,3
3021,3021,160,3
3022,3022,140,3
3023,3023,120,17
3024,3024,120,3
3025,3025,160,18
3026,3026,300,16
3027,3027,400,8
3028,3028,160,17
3029,3029,160,3
3030,3030,240,3
3031,3031,580,9
3032,3032,200,2
3033,3033,240,1
3034,3034,280,3
3035,3035,200,1
3036,3036,200,2
3037,3037,200,16
3038,3038,200,17
3039,3039,200,3
3040,3040,200,1
3041,3041,260,17
3042,3042,140,0
3043,3043,140,1
3044,3044,160,7
3045,3045,140,0
3046,3046,140,3
3047,3047,140,4
3048,3048,160,1
3049,3049,160,2
3050,3050,160,7
3051,3051,140,2
3052,3052,140,4
3053,3053,160,3
3054,3054,140,5
3055,3055,160,3
3056,3056,140,6
3057,3057,140,17
3058,3058,160,18
3059,3059,160,1
3060,3060,220,3
3061,3061,220,2
3062,3062,200,1
3063,3063,460,1
3064,3064,280,3
3065,3065,280,3
3066,3066,200,3
3067,3067,200,6
3068,3068,580,13
3069,3069,280,3
3070,3070,260,18
3071,3071,320,3
3072,3072,300,19
3073,3073,320,18
3074,3074,180,17
3075,3075,160,3
3076,3076,160,3
3077,3077,160,1
3078,3078,180,2
3079,3079,280,3
3080,3080,220,2
3081,3081,220,3
3082,3082,200,3
3083,3083,180,11
3084,3084,240,3
3085,3085,180,3
3086,3086,240,3
3087,3087,180,4
3088,3088,160,3
3089,3089,180,3
3090,3090,220,3
3091,3091,240,2
3092,3092,200,2
3093,3093,200,2
3094,3094,160,3
3095,3095,260,3
3096,3096,220,3
3097,3097,180,2
3098,3098,160,2
3099,3099,180,2
3100,3100,200,2
3101,3101,180,5
3102,3102,180,3
3103,3103,200,3
3104,3104,180,18
3105,3105,220,2
3106,3106,180,3
3107,3107,200,18
3108,3108,340,2
3109,3109,180,2
3110,3110,340,3
3111,3111,360,18
3112,3112,240,3
3113,3113,240,3
3114,3114,260,18
3115,3115,280,17
3116,3116,180,17
3117,3117,280,17
3118,3118,300,6
3119,3119,260,2
3120,3120,280,3
3121,3121,260,18
3122,3122,280,3
3123,3123,260,2
3124,3124,240,0
3125,3125,220,2
3126,3126,260,3
3127,3127,280,2
3128,3128,280,17
3129,3129,180,17
3130,3130,200,2
3131,3131,140,2
3132,3132,120,0
3133,3133,140,27
3134,3134,160,2
3135,3135,180,0
3136,3136,200,1
3137,3137,240,3
3138,3138,180,21
3139,3139,200,3
3140,3140,200,2
3141,3141,220,3
3142,3142,180,3
3143,3143,180,3
3144,3144,180,3
3145,3145,160,18
3146,3146,160,17
3147,3147,200,3
3148,3148,160,3
3149,3149,160,3
3150,3150,180,0
3151,3151,180,3
3152,3152,140,4
3153,3153,140,4
3154,3154,140,0
3155,3155,140,1
3156,3156,140,7
3157,3157,160,3
3158,3158,160,9
3159,3159,160,1
3160,3160,140,3
3161,3161,140,3
3162,3162,160,3
3163,3163,180,3
3164,3164,160,3
3165,3165,180,3
3166,3166,160,3
3167,3167,160,37
3168,3168,140,3
3169,3169,140,3
3170,3170,180,5
3171,3171,180,3
3172,3172,160,3
3173,3173,200,18
3174,3174,140,2
3175,3175,160,2
3176,3176,160,5
3177,3177,160,10
3178,3178,160,3
3179,3179,160,0
3180,3180,200,29
3181,3181,160,3
3182,3182,160,0
3183,3183,160,3
3184,3184,160,1
3185,3185,140,8
3186,3186,140,3
3187,3187,140,3
3188,3188,160,2
3189,3189,160,3
3190,3190,160,2
3191,3191,160,3
3192,3192,160,18
3193,3193,140,1
3194,3194,140,1
3195,3195,140,2
3196,3196,140,2
3197,3197,160,0
3198,3198,160,1
3199,3199,140,3
3200,3200,140,3
3201,3201,160,3
3202,3202,160,3
3203,3203,140,3
3204,3204,140,3
3205,3205,160,14
3206,3206,160,3
3207,3207,140,1
3208,3208,140,3
3209,3209,160,7
3210,3210,160,3
3211,3211,140,3
3212,3212,160,17
3213,3213,160,3
3214,3214,160,3
3215,3215,160,0
3216,3216,160,3
3217,3217,160,21
3218,3218,160,18
3219,3219,160,3
3220,3220,160,17
3221,3221,160,7
3222,3222,160,7
3223,3223,160,3
3224,3224,160,1
3225,3225,140,3
3226,3226,180,10
3227,3227,160,3
3228,3228,160,17
3229,3229,180,2
3230,3230,180,3
3231,3231,180,0
3232,3232,160,32
3233,3233,160,3
3234,3234,180,3
3235,3235,180,3
3236,3236,200,3
3237,3237,180,3
3238,3238,160,3
3239,3239,160,3
3240,3240,160,3
3241,3241,180,1
3242,3242,160,18
3243,3243,160,9
3244,3244,160,3
3245,3245,160,14
3246,3246,160,4
3247,3247,160,3
3248,3248,160,3
3249,3249,160,3
3250,3250,160,3
3251,3251,160,3
3252,3252,220,3
3253,3253,160,0
3254,3254,160,3
3255,3255,160,17
3256,3256,200,4
3257,3257,180,3
3258,3258,200,1
3259,3259,160,17
3260,3260,160,18
3261,3261,180,2
3262,3262,160,3
3263,3263,160,3
3264,3264,160,3
3265,3265,180,18
3266,3266,120,1
3267,3267,160,1
3268,3268,120,0
3269,3269,140,18
3270,3270,120,1
3271,3271,340,1
3272,3272,200,3
3273,3273,120,16
3274,3274,200,3
3275,3275,200,3
3276,3276,200,3
3277,3277,200,3
3278,3278,200,17
3279,3279,200,3
3280,3280,180,18
3281,3281,180,16
3282,3282,160,17
3283,3283,160,1
3284,3284,120,15
3285,3285,140,17
3286,3286,120,0
3287,3287,120,25
3288,3288,120,0
3289,3289,140,17
3290,3290,140,0
3291,3291,140,0
3292,3292,140,15
3293,3293,120,17
3294,3294,140,2
3295,3295,140,15
3296,3296,140,2
3297,3297,120,6
3298,3298,120,1
3299,3299,120,7
3300,3300,120,17
3301,3301,120,17
3302,3302,160,9
3303,3303,140,1
3304,3304,120,0
3305,3305,140,2
3306,3306,140,1
3307,3307,140,18
3308,3308,140,3
3309,3309,140,1
3310,3310,140,1
3311,3311,120,0
3312,3312,120,0
3313,3313,120,3
3314,3314,60,3
3315,3315,120,16
3316,3316,120,0
3317,3317,120,0
3318,3318,120,0
3319,3319,120,0
3320,3320,120,0
3321,3321,120,0
3322,3322,120,0
3323,3323,160,18
3324,3324,120,3
3325,3325,120,17
3326,3326,120,3
3328,3328,120,10
3329,3329,120,3
3330,3330,120,0
3331,3331,120,2
3332,3332,140,0
3333,3333,140,0
3334,3334,140,3
3335,3335,120,1
3336,3336,120,0
3337,3337,140,14
3338,3338,120,0
3339,3339,120,3
3340,3340,120,7
3341,3341,120,3
3342,3342,120,15
3343,3343,120,15
3344,3344,120,5
3345,3345,120,0
3346,3346,120,14
3347,3347,140,3
3348,3348,120,1
3349,3349,140,2
3350,3350,140,16
3351,3351,120,20
3352,3352,140,32
3353,3353,140,1
3354,3354,140,0
3355,3355,120,28
3356,3356,140,2
3357,3357,140,18
3358,3358,140,3
3359,3359,120,1
3360,3360,120,0
3361,3361,340,1
3362,3362,340,1
3363,3363,340,1
3364,3364,220,1
3365,3365,340,1
3366,3366,340,1
3367,3367,340,1
3368,3368,340,1
3369,3369,340,1
3370,3370,260,1
3371,3371,340,1
3372,3372,340,1
3373,3373,340,1
3374,3374,260,1
3375,3375,260,1
3376,3376,340,1
3377,3377,340,1
3378,3378,340,1
3379,3379,260,1
3380,3380,340,1
3381,3381,340,1
3382,3382,260,1
3383,3383,220,1
3384,3384,220,1
3385,3385,220,3
3386,3386,240,2
3387,3387,220,6
3388,3388,240,1
3389,3389,240,1
3390,3390,220,1
3391,3391,220,1
3392,3392,260,0
3393,3393,340,1
3394,3394,240,1
3395,3395,340,1
3396,3396,240,1
3397,3397,260,1
3398,3398,260,1
3399,3399,260,1
3400,3400,260,1
3401,3401,260,1
3402,3402,260,1
3403,3403,260,2
3404,3404,240,1
3405,3405,220,1
3406,3406,220,1
3407,3407,220,1
3408,3408,260,1
3409,3409,220,1
3410,3410,240,1
3411,3411,220,0
3412,3412,220,1
3413,3413,240,1
3414,3414,200,1
3415,3415,220,1
3416,3416,200,3
3417,3417,200,3
3418,3418,220,1
3419,3419,220,3
3420,3420,200,3
3421,3421,200,3
3422,3422,220,3
3423,3423,200,3
3424,3424,200,5
3425,3425,200,1
3426,3426,200,3
3427,3427,340,1
3428,3428,340,1
3429,3429,340,3
3430,3430,180,2
3431,3431,180,2
3432,3432,200,3
3433,3433,200,2
3434,3434,200,18
3435,3435,200,21
3436,3436,200,2
3437,3437,200,3
3438,3438,160,0
3439,3439,180,2
3440,3440,200,3
3441,3441,200,1
3442,3442,140,0
3443,3443,160,1
3444,3444,140,1
3445,3445,140,1
3446,3446,180,18
3447,3447,180,8
3448,3448,180,3
3449,3449,180,6
3450,3450,180,3
3451,3451,160,1
3452,3452,120,0
3453,3453,160,1
3454,3454,140,1
3455,3455,220,3
3456,3456,180,3
3457,3457,160,5
3458,3458,180,2
3459,3459,180,3
3460,3460,180,18
3461,3461,160,12
3462,3462,440,17
3463,3463,180,18
3464,3464,180,3
3465,3465,180,2
3466,3466,180,18
3467,3467,160,3
3468,3468,160,18
3469,3469,220,2
3470,3470,160,18
3471,3471,180,1
3472,3472,180,3
3473,3473,180,3
3474,3474,160,2
3475,3475,180,3
3476,3476,160,2
3477,3477,180,2
3478,3478,180,3
3479,3479,160,1
3480,3480,160,2
3481,3481,160,0
3482,3482,160,0
3483,3483,200,3
3484,3484,220,3
3485,3485,180,1
3486,3486,180,18
3487,3487,200,0
3488,3488,180,0
3489,3489,180,1
3490,3490,180,1
3491,3491,180,3
3492,3492,180,3
3493,3493,160,3
3494,3494,160,3
3495,3495,160,4
3496,3496,160,3
3497,3497,180,3
3498,3498,160,0
3499,3499,160,1
3500,3500,160,3
3501,3501,180,1
3502,3502,180,15
3503,3503,180,18
3504,3504,180,18
3505,3505,200,18
3506,3506,200,3
3507,3507,180,5
3508,3508,180,2
3509,3509,180,4
3510,3510,180,3
3511,3511,180,18
3512,3512,180,15
3513,3513,200,11
3514,3514,220,3
3515,3515,220,3
3516,3516,220,3
3517,3517,180,23
3518,3518,80,18
3519,3519,60,3
3520,3520,220,3
3521,3521,60,1
3522,3522,160,3
3523,3523,160,11
3524,3524,180,3
3525,3525,180,1
3526,3526,180,1
3527,3527,60,6
3528,3528,180,5
3529,3529,200,8
3530,3530,200,3
3531,3531,220,0
3532,3532,180,3
3533,3533,160,16
3534,3534,200,3
3535,3535,200,3
3536,3536,140,3
3537,3537,160,17
3538,3538,120,15
3539,3539,160,18
3540,3540,160,18
3541,3541,340,1
3542,3542,220,1
3543,3543,220,1
3544,3544,220,1
3545,3545,200,4
3546,3546,260,6
3547,3547,340,3
3548,3548,260,1
3549,3549,340,2
3550,3550,340,1
3551,3551,240,1
3552,3552,840,2
3553,3553,120,1
3554,3554,120,9
3555,3555,140,17
3556,3556,80,7
3557,3557,120,1
3558,3558,120,29
3559,3559,160,18
3560,3560,160,15
3561,3561,480,2
3562,3562,200,9
3563,3563,180,2
3564,3564,200,1
3565,3565,200,5
3566,3566,140,10
3567,3567,160,7
3568,3568,140,28
3569,3569,140,5
3570,3570,140,14
3571,3571,160,5
3572,3572,200,4
3573,3573,120,26
3574,3574,140,6
3575,3575,120,17
3576,3576,140,0
3577,3577,140,28
3578,3578,100,5
3579,3579,80,10
3580,3580,80,10
3581,3581,80,8
3582,3582,80,10
3583,3583,120,10
3584,3584,100,9
3585,3585,100,9
3586,3586,80,10
3587,3587,200,10
3588,3588,200,10
3589,3589,80,7
3590,3590,200,10
3591,3591,200,10
3592,3592,140,10
3593,3593,160,10
3594,3594,220,10
3595,3595,120,10
3596,3596,100,10
3597,3597,200,10
3598,3598,100,5
3599,3599,120,10
3600,3600,160,6
3601,3601,100,10
3602,3602,80,10
3603,3603,180,10
3604,3604,100,10
3605,3605,120,10
3606,3606,100,5
3607,3607,160,10
3608,3608,100,9
3609,3609,100,10
3610,3610,80,10
3611,3611,100,10
3612,3612,120,10
3613,3613,200,10
3614,3614,120,10
3615,3615,120,10
3616,3616,140,10
3617,3617,120,10
3618,3618,120,10
3619,3619,80,10
3620,3620,160,10
3621,3621,580,10
3622,3622,100,5
3623,3623,240,10
3624,3624,120,10
3625,3625,120,10
3626,3626,80,10
3627,3627,80,10
3628,3628,80,10
3629,3629,80,10
3630,3630,540,5
3631,3631,660,5
3632,3632,120,10
3633,3633,140,10
3634,3634,120,10
3635,3635,120,10
3636,3636,140,10
3637,3637,140,10
3638,3638,200,10
3639,3639,80,10
3640,3640,80,9
3641,3641,80,10
3642,3642,80,10
3643,3643,80,10
3644,3644,80,10
3645,3645,80,10
3646,3646,100,10
3647,3647,80,10
3648,3648,120,10
3649,3649,120,10
3650,3650,120,10
3651,3651,140,10
3652,3652,120,10
3653,3653,140,10
3654,3654,140,10
3655,3655,180,10
3656,3656,280,5
3657,3657,120,10
3658,3658,120,10
3659,3659,120,10
3660,3660,500,5
3661,3661,180,10
3662,3662,140,10
3663,3663,160,10
3664,3664,180,10
3665,3665,220,10
3666,3666,220,10
3667,3667,740,5
3668,3668,220,10
3669,3669,100,10
3670,3670,260,10
3671,3671,200,10
3672,3672,160,10
3673,3673,280,5
3674,3674,80,0
3675,3675,280,5
3676,3676,80,0
3677,3677,100,9
3678,3678,220,10
3679,3679,240,0
3680,3680,2300,5
3681,3681,400,10
3682,3682,460,10
3683,3683,580,10
3684,3684,140,10
3685,3685,520,10
3686,3686,200,10
3687,3687,100,5
3688,3688,80,10
3689,3689,100,10
3690,3690,100,10
3691,3691,120,10
3692,3692,120,10
3693,3693,140,10
3694,3694,100,10
3695,3695,220,0
3696,3696,300,10
3697,3697,160,10
3698,3698,280,10
3699,3699,240,5
3700,3700,580,5
3701,3701,140,10
3702,3702,140,10
3703,3703,80,10
3704,3704,340,0
3705,3705,240,5
3706,3706,200,10
3707,3707,80,10
3708,3708,80,9
3709,3709,380,5
3710,3710,80,10
3711,3711,120,10
3712,3712,100,10
3713,3713,120,10
3714,3714,140,10
3715,3715,400,5
3716,3716,220,10
3717,3717,220,10
3718,3718,380,5
3719,3719,300,8
3720,3720,1040,5
3721,3721,780,5
3722,3722,220,10
3723,3723,100,10
3724,3724,120,10
3725,3725,140,10
3726,3726,120,10
3727,3727,120,10
3728,3728,160,0
3729,3729,180,0
3730,3730,220,0
3731,3731,760,0
3732,3732,140,0
3733,3733,180,0
3734,3734,120,0
3735,3735,120,0
3736,3736,160,0
3737,3737,280,0
3738,3738,560,0
3739,3739,140,10
3740,3740,120,0
3741,3741,140,0
3742,3742,140,0
3743,3743,140,0
3744,3744,140,0
3745,3745,160,0
3746,3746,160,0
3747,3747,160,0
3748,3748,200,0
3749,3749,200,0
3750,3750,240,0
3751,3751,320,0
3752,3752,320,0
3753,3753,180,0
3754,3754,240,10
3755,3755,160,0
3756,3756,140,10
3757,3757,120,6
3758,3758,140,10
3759,3759,180,10
3760,3760,80,10
3761,3761,180,0
3762,3762,300,0
3763,3763,460,10
3764,3764,820,0
3765,3765,180,0
3766,3766,80,10
3767,3767,100,0
3768,3768,160,0
3769,3769,160,0
3770,3770,160,0
3771,3771,160,0
3772,3772,160,0
3773,3773,160,0
3774,3774,820,0
3775,3775,560,10
3776,3776,160,0
3777,3777,160,0
3778,3778,160,0
3779,3779,180,0
3780,3780,180,0
3781,3781,240,0
3782,3782,200,0
3783,3783,340,0
3784,3784,160,0
3785,3785,80,10
3786,3786,100,10
3787,3787,100,10
3788,3788,160,0
3789,3789,200,0
3790,3790,200,0
3791,3791,140,0
3792,3792,160,0
3793,3793,140,10
3794,3794,220,0
3795,3795,200,0
3796,3796,80,10
3797,3797,240,0
3798,3798,200,0
3799,3799,220,0
3800,3800,120,0
3801,3801,100,0
3802,3802,160,0
3803,3803,140,10
3804,3804,340,0
3805,3805,660,0
3806,3806,1360,0
3807,3807,120,10
3808,3808,160,0
3809,3809,180,10
3810,3810,320,0
3811,3811,820,0
3812,3812,140,10
3813,3813,160,0
3814,3814,240,0
3815,3815,160,0
3816,3816,160,0
3817,3817,580,0
3818,3818,120,10
3819,3819,480,0
3820,3820,860,0
3821,3821,220,0
3822,3822,680,0
3823,3823,120,10
3824,3824,120,0
3825,3825,160,10
3826,3826,80,10
3827,3827,160,10
3828,3828,140,10
3829,3829,240,10
3830,3830,120,10
3831,3831,80,10
3832,3832,100,10
3833,3833,140,10
3834,3834,160,10
3835,3835,180,11
3836,3836,160,10
3837,3837,160,10
3838,3838,180,10
3839,3839,480,5
3840,3840,580,0
3841,3841,180,10
3842,3842,120,10
3843,3843,100,10
3844,3844,260,5
3845,3845,220,10
3846,3846,80,10
3847,3847,220,10
3848,3848,220,10
3849,3849,120,10
3850,3850,220,10
3851,3851,280,10
3852,3852,160,10
3853,3853,220,10
3854,3854,540,5
3855,3855,220,10
3856,3856,120,10
3857,3857,180,10
3858,3858,800,0
3859,3859,120,10
3860,3860,240,10
3861,3861,440,5
3862,3862,160,4
3863,3863,220,10
3864,3864,200,10
3865,3865,160,0
3866,3866,180,10
3867,3867,160,10
3868,3868,120,10
3869,3869,180,10
3870,3870,220,10
3871,3871,240,10
3872,3872,180,10
3873,3873,80,10
3874,3874,100,10
3875,3875,280,10
3876,3876,560,5
3877,3877,100,9
3878,3878,100,9
3879,3879,560,5
3880,3880,320,10
3881,3881,1360,5
3882,3882,140,10
3883,3883,560,5
3884,3884,620,5
3885,3885,120,10
3886,3886,120,10
3887,3887,120,10
3888,3888,120,10
3889,3889,80,9
3890,3890,80,9
3891,3891,100,9
3892,3892,80,9
3893,3893,80,0
3894,3894,80,10
3895,3895,100,10
3896,3896,80,10
3897,3897,100,10
3898,3898,80,10
3899,3899,80,10
3900,3900,80,10
3901,3901,80,9
3902,3902,100,10
3903,3903,80,10
3904,3904,80,10
3905,3905,80,10
3906,3906,80,10
3907,3907,100,10
3908,3908,80,10
3909,3909,100,10
3910,3910,120,10
3911,3911,100,10
3912,3912,120,10
3913,3913,100,10
3914,3914,120,10
3915,3915,100,10
3916,3916,120,10
3917,3917,120,10
3918,3918,120,10
3919,3919,120,10
3920,3920,120,10
3921,3921,120,10
3922,3922,120,10
3923,3923,140,10
3924,3924,140,10
3925,3925,160,10
3926,3926,140,8
3927,3927,120,10
3928,3928,140,10
3929,3929,140,10
3930,3930,160,10
3931,3931,200,10
3932,3932,140,10
3933,3933,140,10
3934,3934,140,10
3935,3935,180,10
3936,3936,200,10
3937,3937,140,10
3938,3938,160,10
3939,3939,140,10
3940,3940,160,10
3941,3941,160,10
3942,3942,180,10
3943,3943,220,10
3944,3944,220,10
3945,3945,160,10
3946,3946,180,10
3947,3947,200,10
3948,3948,280,10
3949,3949,220,10
3950,3950,280,10
3951,3951,440,0
3952,3952,280,5
3953,3953,340,5
3954,3954,400,5
3955,3955,440,5
3956,3956,500,5
3957,3957,580,0
3958,3958,340,5
3959,3959,580,0
3960,3960,660,0
3961,3961,860,0
3962,3962,1160,0
3963,3963,1160,0
3964,3964,100,9
3965,3965,200,10
3966,3966,160,10
3967,3967,160,1
3968,3968,160,10
3969,3969,220,10
3970,3970,220,10
3971,3971,160,10
3972,3972,100,10
3973,3973,140,10
3974,3974,200,10
3975,3975,160,0
3976,3976,180,0
3977,3977,300,0
3978,3978,160,0
3979,3979,180,10
3980,3980,200,0
3981,3981,240,0
3982,3982,400,0
3983,3983,960,0
3984,3984,120,10
3985,3985,120,10
3986,3986,160,0
3987,3987,140,0
3988,3988,160,10
3989,3989,,0
3990,3990,580,0
3991,3991,660,0
3992,3992,540,0
3993,3993,240,0
3994,3994,320,0
3995,3995,1160,0
3996,3996,220,0
3997,3997,100,9
3998,3998,540,0
3999,3999,220,0
4000,4000,120,10
4001,4001,80,10
4002,4002,100,10
4003,4003,100,10
4004,4004,180,10
4005,4005,160,10
4006,4006,160,10
4007,4007,120,10
4008,4008,120,0
4009,4009,140,10
4010,4010,120,10
4011,4011,140,10
4012,4012,180,10
4013,4013,160,10
4014,4014,200,0
4015,4015,220,0
4016,4016,1000,0
4017,4017,540,0
4018,4018,140,10
4019,4019,100,10
4020,4020,80,10
4021,4021,100,10
4022,4022,160,0
4023,4023,200,0
4024,4024,80,10
4025,4025,80,10
4026,4026,80,10
4027,4027,120,10
4028,4028,160,0
4029,4029,180,10
4030,4030,760,0
4031,4031,100,10
4032,4032,500,0
4033,4033,120,10
4034,4034,120,0
4035,4035,140,0
4036,4036,220,0
4037,4037,180,10
4038,4038,180,0
4039,4039,200,0
4040,4040,180,0
4041,4041,200,0
4042,4042,240,0
4043,4043,140,0
4044,4044,160,0
4045,4045,100,10
4046,4046,160,0
4047,4047,100,10
4048,4048,140,0
4049,4049,580,0
4050,4050,1160,0
4051,4051,120,10
4052,4052,80,10
4053,4053,140,0
4054,4054,140,10
4055,4055,140,10
4056,4056,440,0
4057,4057,180,9
4058,4058,100,0
4059,4059,100,9
4060,4060,860,0
4061,4061,160,9
4062,4062,320,0
4063,4063,120,10
4064,4064,120,0
4065,4065,140,0
4066,4066,180,10
4067,4067,220,0
4068,4068,500,0
4069,4069,1000,0
4070,4070,1360,0
4071,4071,1000,0
4072,4072,580,0
4073,4073,160,10
4074,4074,280,0
4075,4075,660,0
4076,4076,100,9
4077,4077,220,10
4078,4078,580,5
4079,4079,220,10
4080,4080,660,0
4081,4081,240,10
4082,4082,160,0
4083,4083,1360,5
4084,4084,180,10
4085,4085,120,10
4086,4086,160,10
4087,4087,160,10
4088,4088,100,9
4089,4089,140,10
4090,4090,120,10
4091,4091,140,10
4092,4092,160,10
4093,4093,140,10
4094,4094,160,10
4095,4095,560,5
4096,4096,160,10
4097,4097,100,10
4098,4098,1000,5
4099,4099,120,0
4100,4100,220,10
4101,4101,100,9
4102,4102,240,10
4103,4103,220,0
4104,4104,220,10
4105,4105,220,10
4106,4106,240,10
4107,4107,220,10
4108,4108,120,10
4109,4109,460,5
4110,4110,200,10
4111,4111,340,5
4112,4112,120,0
4113,4113,220,10
4114,4114,220,10
4115,4115,100,10
4116,4116,100,9
4117,4117,160,0
4118,4118,160,0
4119,4119,580,5
4120,4120,200,10
4121,4121,860,5
4122,4122,220,0
4123,4123,160,10
4124,4124,120,10
4125,4125,120,10
4126,4126,660,5
4127,4127,1220,5
4128,4128,200,10
4129,4129,240,10
4130,4130,240,10
4131,4131,760,5
4132,4132,1800,5
4133,4133,500,5
4134,4134,80,8
4135,4135,80,7
4136,4136,80,10
4137,4137,80,10
4138,4138,80,10
4139,4139,100,10
4140,4140,120,10
4141,4141,80,10
4142,4142,100,10
4143,4143,120,10
4144,4144,140,10
4145,4145,120,10
4146,4146,140,10
4147,4147,140,10
4148,4148,160,10
4149,4149,200,10
4150,4150,220,10
4151,4151,500,5
4152,4152,580,5
4153,4153,400,5
4154,4154,580,0
4155,4155,760,0
4156,4156,860,5
4157,4157,860,5
4158,4158,1000,5
4159,4159,330,5
4160,4160,460,5
4161,4161,160,10
4162,4162,560,0
4163,4163,140,10
4164,4164,140,10
4165,4165,220,5
4166,4166,1000,5
4167,4167,220,10
4168,4168,140,10
4169,4169,140,10
4170,4170,100,10
4171,4171,80,10
4172,4172,180,10
4173,4173,220,10
4174,4174,160,10
4175,4175,180,10
4176,4176,100,0
4177,4177,100,0
4178,4178,80,0
4179,4179,80,0
4180,4180,80,0
4181,4181,80,0
4182,4182,580,10
4183,4183,80,0
4184,4184,240,10
4185,4185,80,0
4186,4186,160,10
4187,4187,200,0
4188,4188,120,0
4189,4189,100,0
4190,4190,160,10
4191,4191,860,0
4192,4192,560,5
4193,4193,140,0
4194,4194,120,0
4195,4195,220,10
4196,4196,480,0
4197,4197,500,3
4198,4198,120,10
4199,4199,140,10
4200,4200,200,10
4201,4201,180,10
4202,4202,240,10
4203,4203,260,0
4204,4204,140,10
4205,4205,140,10
4206,4206,240,10
4207,4207,140,10
4208,4208,140,10
4209,4209,160,10
4210,4210,140,10
4211,4211,180,10
4212,4212,180,10
4213,4213,200,0
4214,4214,240,10
4215,4215,220,0
4216,4216,180,10
4217,4217,120,10
4218,4218,240,10
4219,4219,200,10
4220,4220,220,10
4221,4221,240,10
4222,4222,240,10
4223,4223,260,10
4224,4224,140,10
4225,4225,240,0
4226,4226,180,0
4227,4227,200,0
4228,4228,180,0
4229,4229,200,0
4230,4230,240,0
4231,4231,100,0
4232,4232,160,0
4233,4233,400,0
4234,4234,100,0
4235,4235,120,0
4236,4236,120,0
4237,4237,140,0
4238,4238,380,0
4239,4239,220,0
4240,4240,240,0
4241,4241,200,
4242,4242,220,0
4243,4243,280,0
4244,4244,140,0
4245,4245,160,0
4246,4246,140,0
4247,4247,80,0
4248,4248,100,0
4249,4249,200,0
4250,4250,340,0
4251,4251,180,0
4252,4252,160,0
4253,4253,580,0
4254,4254,220,0
4255,4255,100,0
4256,4256,220,0
4257,4257,860,0
4258,4258,120,0
4259,4259,100,0
4260,4260,80,0
4261,4261,80,0
4262,4262,100,0
4263,4263,100,0
4264,4264,80,0
4265,4265,100,0
4266,4266,80,0
4267,4267,160,0
4268,4268,120,0
4269,4269,120,0
4270,4270,580,0
4271,4271,80,0
4272,4272,140,0
4273,4273,140,0
4274,4274,80,0
4275,4275,240,10
4276,4276,620,5
4277,4277,660,5
4278,4278,1240,5
4279,4279,220,10
4280,4280,860,5
4281,4281,900,5
4282,4282,180,9
4283,4283,200,0
4284,4284,200,10
4285,4285,220,10
4286,4286,140,10
4287,4287,140,9
4288,4288,160,10
4289,4289,180,10
4290,4290,200,10
4291,4291,380,5
4292,4292,100,10
4293,4293,100,10
4294,4294,80,10
4295,4295,120,10
4296,4296,160,10
4297,4297,180,10
4298,4298,300,10
4299,4299,140,10
4300,4300,660,5
4301,4301,100,10
4302,4302,220,10
4303,4303,220,10
4304,4304,100,9
4305,4305,180,10
4306,4306,180,10
4307,4307,220,10
4308,4308,220,3
4309,4309,140,10
4310,4310,160,10
4311,4311,120,10
4312,4312,240,10
4313,4313,220,10
4314,4314,240,10
4315,4315,500,5
4316,4316,120,10
4317,4317,660,5
4318,4318,1160,5
4319,4319,1240,5
4320,4320,200,5
4321,4321,100,10
4322,4322,140,10
4323,4323,160,10
4324,4324,480,0
4325,4325,1500,5
4326,4326,140,10
4327,4327,120,10
4328,4328,160,10
4329,4329,220,10
4330,4330,160,10
4331,4331,540,5
4332,4332,1800,10
4333,4333,100,10
4334,4334,140,10
4335,4335,160,10
4336,4336,200,10
4337,4337,500,5
4338,4338,580,5
4339,4339,580,5
4340,4340,100,9
4341,4341,100,10
4342,4342,660,5
4343,4343,140,0
4344,4344,100,10
4345,4345,80,10
4346,4346,200,10
4347,4347,160,10
4348,4348,200,4
4349,4349,380,10
4350,4350,200,10
4351,4351,200,5
4352,4352,580,5
4353,4353,580,5
4354,4354,580,5
4355,4355,580,0
4356,4356,120,10
4357,4357,140,10
4358,4358,580,5
4359,4359,240,10
4360,4360,80,9
4361,4361,100,10
4362,4362,660,5
4363,4363,140,0
4364,4364,100,10
4365,4365,120,10
4366,4366,80,9
4367,4367,80,
4368,4368,240,6
4369,4369,1160,5
4370,4370,580,10
4371,4371,80,9
4372,4372,120,10
4373,4373,160,10
4374,4374,180,10
4375,4375,160,0
4376,4376,680,0
4377,4377,820,10
4378,4378,120,0
4379,4379,740,0
4380,4380,120,0
4381,4381,80,0
4382,4382,240,0
4383,4383,120,0
4384,4384,120,0
4385,4385,220,10
4386,4386,180,10
4387,4387,80,0
4388,4388,100,0
4389,4389,120,0
4390,4390,140,0
4391,4391,160,10
4392,4392,160,10
4393,4393,240,0
4394,4394,1660,0
4395,4395,120,0
4396,4396,160,10
4397,4397,200,10
4398,4398,220,10
4399,4399,100,0
4400,4400,380,10
4401,4401,760,0
4402,4402,120,0
4403,4403,660,0
4404,4404,660,0
4405,4405,100,0
4406,4406,100,0
4407,4407,100,0
4408,4408,100,0
4409,4409,100,0
4410,4410,80,0
4411,4411,140,0
4412,4412,140,0
4413,4413,160,0
4414,4414,80,0
4415,4415,880,0
4416,4416,180,10
4417,4417,80,0
4418,4418,1000,0
4419,4419,140,0
4420,4420,80,0
4421,4421,100,0
4422,4422,200,
4423,4423,200,0
4424,4424,180,10
4425,4425,340,0
4426,4426,120,0
4427,4427,340,10
4428,4428,120,10
4429,4429,120,0
4430,4430,120,0
4431,4431,140,0
4432,4432,160,0
4433,4433,140,0
4434,4434,180,0
4435,4435,200,0
4436,4436,100,9
4437,4437,120,0
4438,4438,120,0
4439,4439,160,0
4440,4440,420,10
4441,4441,1560,0
4442,4442,3440,0
4443,4443,180,0
4444,4444,440,0
4445,4445,100,0
4446,4446,240,0
4447,4447,160,0
4448,4448,180,0
4449,4449,180,0
4450,4450,160,10
4451,4451,500,8
4452,4452,660,5
4453,4453,80,0
4454,4454,80,10
4455,4455,160,0
4456,4456,280,0
4457,4457,220,0
4458,4458,160,0
4459,4459,220,0
4460,4460,100,8
4461,4461,80,0
4462,4462,120,10
4463,4463,300,0
4464,4464,160,0
4465,4465,160,0
4466,4466,160,0
4467,4467,80,0
4468,4468,100,0
4469,4469,220,0
4470,4470,80,4
4471,4471,140,0
4472,4472,660,0
4473,4473,860,0
4474,4474,1160,5
4475,4475,100,10
4476,4476,860,5
4477,4477,120,10
4478,4478,100,10
4479,4479,100,10
4480,4480,860,5
4481,4481,160,10
4482,4482,860,5
4483,4483,1360,5
4484,4484,180,10
4485,4485,380,5
4486,4486,500,5
4487,4487,200,10
4488,4488,80,10
4489,4489,240,10
4490,4490,120,10
4491,4491,280,10
4492,4492,120,8
4493,4493,300,10
4494,4494,240,10
4495,4495,260,10
4496,4496,120,10
4497,4497,140,10
4498,4498,160,10
4499,4499,100,8
4500,4500,280,5
4501,4501,100,0
4502,4502,100,10
4503,4503,160,10
4504,4504,120,10
4505,4505,80,10
4506,4506,560,10
4507,4507,80,10
4508,4508,100,10
4509,4509,160,10
4510,4510,80,9
4511,4511,240,10
4512,4512,240,10
4513,4513,160,10
4514,4514,280,10
4515,4515,1240,5
4516,4516,100,10
4517,4517,140,10
4518,4518,120,9
4519,4519,140,9
4520,4520,240,10
4521,4521,160,10
4522,4522,160,10
4523,4523,140,10
4524,4524,120,10
4525,4525,120,10
4526,4526,160,10
4527,4527,200,10
4528,4528,160,9
4529,4529,500,5
4530,4530,200,0
4531,4531,120,10
4532,4532,180,10
4533,4533,280,5
4534,4534,220,10
4535,4535,100,10
4536,4536,100,10
4537,4537,140,10
4538,4538,280,5
4539,4539,240,5
4540,4540,100,10
4541,4541,280,5
4542,4542,280,5
4543,4543,580,5
4544,4544,200,10
4545,4545,100,10
4546,4546,220,10
4547,4547,220,10
4548,4548,220,10
4549,4549,140,0
4550,4550,200,10
4551,4551,760,5
4552,4552,440,5
4553,4553,80,10
4554,4554,80,10
4555,4555,520,5
4556,4556,120,10
4557,4557,80,10
4558,4558,220,10
4559,4559,380,5
4560,4560,100,0
4561,4561,160,10
4562,4562,80,10
4563,4563,80,10
4564,4564,220,0
4565,4565,1940,5
4566,4566,860,5
4567,4567,760,5
4568,4568,760,5
4569,4569,120,10
4570,4570,140,10
4571,4571,1500,5
4572,4572,760,5
4573,4573,160,0
4574,4574,120,0
4575,4575,1720,5
4576,4576,460,10
4577,4577,120,10
4578,4578,280,5
4579,4579,120,9
4580,4580,160,10
4581,4581,300,10
4582,4582,100,10
4583,4583,100,10
4584,4584,160,10
4585,4585,80,6
4586,4586,440,5
4587,4587,120,10
4588,4588,120,10
4589,4589,560,5
4590,4590,580,5
4591,4591,1260,5
4592,4592,140,10
4593,4593,180,10
4594,4594,100,10
4595,4595,100,4
4596,4596,120,0
4597,4597,200,10
4598,4598,200,10
4599,4599,160,10
4600,4600,200,10
4601,4601,240,10
4602,4602,140,10
4603,4603,120,10
4604,4604,160,10
4605,4605,280,10
4606,4606,80,10
4607,4607,80,10
4608,4608,440,10
4609,4609,280,10
4610,4610,120,10
4611,4611,220,10
4612,4612,120,9
4613,4613,160,10
4614,4614,1240,5
4615,4615,620,5
4616,4616,140,0
4617,4617,100,10
4618,4618,160,10
4619,4619,200,10
4620,4620,240,5
4621,4621,120,10
4622,4622,160,10
4623,4623,200,10
4624,4624,120,10
4625,4625,120,0
4626,4626,200,10
4627,4627,140,10
4628,4628,220,10
4629,4629,960,10
4630,4630,180,10
4631,4631,140,10
4632,4632,140,8
4633,4633,200,10
4634,4634,220,5
4635,4635,120,10
4636,4636,140,10
4637,4637,80,8
4638,4638,120,10
4639,4639,120,10
4640,4640,120,10
4641,4641,80,5
4642,4642,120,10
4643,4643,580,5
4644,4644,160,0
4645,4645,160,10
4646,4646,420,5
4647,4647,120,0
4648,4648,80,8
4649,4649,220,10
4650,4650,100,10
4651,4651,120,10
4652,4652,180,10
4653,4653,200,10
4654,4654,300,10
4655,4655,660,5
4656,4656,220,10
4657,4657,100,10
4658,4658,120,10
4659,4659,80,10
4660,4660,80,10
4661,4661,120,10
4662,4662,120,10
4663,4663,140,10
4664,4664,140,10
4665,4665,120,10
4666,4666,120,10
4667,4667,120,10
4668,4668,240,10
4669,4669,200,10
4670,4670,240,10
4671,4671,220,10
4672,4672,440,5
4673,4673,580,5
4674,4674,320,0
4675,4675,180,0
4676,4676,140,10
4677,4677,180,10
4678,4678,160,0
4679,4679,160,0
4680,4680,180,10
4681,4681,240,0
4682,4682,280,0
4683,4683,100,0
4684,4684,120,0
4685,4685,140,10
4686,4686,100,0
4687,4687,100,0
4688,4688,200,10
4689,4689,80,0
4690,4690,120,0
4691,4691,160,0
4692,4692,100,10
4693,4693,100,0
4694,4694,100,0
4695,4695,160,10
4696,4696,160,0
4697,4697,160,0
4698,4698,200,0
4699,4699,200,10
4700,4700,280,0
4701,4701,280,10
4702,4702,280,0
4703,4703,380,0
4704,4704,340,10
4705,4705,380,0
4706,4706,280,0
4707,4707,1360,5
4708,4708,1240,5
4709,4709,1660,0
4710,4710,1360,5
4711,4711,1500,0
4712,4712,1660,0
4713,4713,1800,0
4714,4714,1500,0
4715,4715,1660,0
4716,4716,180,0
4717,4717,100,0
4718,4718,120,0
4719,4719,660,0
4720,4720,120,0
4721,4721,140,0
4722,4722,760,0
4723,4723,1680,0
4724,4724,1160,5
4725,4725,400,5
4726,4726,400,5
4727,4727,580,5
4728,4728,580,5
4729,4729,660,5
4730,4730,580,5
4731,4731,660,5
4732,4732,760,5
4733,4733,660,5
4734,4734,760,5
4735,4735,860,5
4736,4736,1160,5
4737,4737,860,5
4738,4738,1000,5
4739,4739,1240,5
4740,4740,1500,5
4741,4741,80,10
4742,4742,400,5
4743,4743,120,10
4744,4744,140,10
4745,4745,80,10
4746,4746,480,5
4747,4747,280,10
4748,4748,260,10
4749,4749,280,10
4750,4750,260,10
4751,4751,260,10
4752,4752,220,10
4753,4753,220,10
4754,4754,200,10
4755,4755,240,10
4756,4756,420,10
4757,4757,340,10
4758,4758,320,10
4759,4759,220,10
4760,4760,260,10
4761,4761,120,10
4762,4762,160,9
4763,4763,100,10
4764,4764,100,10
4765,4765,120,10
4766,4766,160,10
4767,4767,160,10
4768,4768,200,0
4769,4769,300,0
4770,4770,240,10
4771,4771,240,10
4772,4772,160,10
4773,4773,160,10
4774,4774,180,10
4775,4775,200,10
4776,4776,300,10
4777,4777,440,10
4778,4778,220,10
4779,4779,180,10
4780,4780,160,10
4781,4781,160,10
4782,4782,120,10
4783,4783,160,0
4784,4784,140,10
4785,4785,140,10
4786,4786,140,10
4787,4787,320,5
4788,4788,440,5
4789,4789,200,10
4790,4790,200,10
4791,4791,180,0
4792,4792,180,10
4793,4793,220,0
4794,4794,240,10
4795,4795,240,10
4796,4796,160,10
4797,4797,80,10
4798,4798,80,10
4799,4799,100,10
4800,4800,80,10
4801,4801,80,6
4802,4802,100,10
4803,4803,180,10
4804,4804,200,10
4805,4805,200,10
4806,4806,400,0
4807,4807,120,10
4808,4808,140,0
4809,4809,140,10
4810,4810,140,10
4811,4811,140,10
4812,4812,140,10
4813,4813,140,10
4814,4814,240,10
4815,4815,200,10
4816,4816,240,10
4817,4817,1500,5
4818,4818,120,10
4819,4819,120,10
4820,4820,120,10
4821,4821,180,10
4822,4822,400,10
4823,4823,860,5
4824,4824,1160,5
4825,4825,100,0
4826,4826,160,10
4827,4827,100,0
4828,4828,220,10
4829,4829,80,0
4830,4830,120,0
4831,4831,380,10
4832,4832,80,0
4833,4833,100,0
4834,4834,1160,5
4835,4835,100,0
4836,4836,140,0
4837,4837,760,0
4838,4838,280,0
4939,4839,100,0
4840,4840,1500,5
4841,4841,100,0
4842,4842,80,0
4843,4843,120,0
4844,4844,160,0
4845,4845,760,0
4846,4846,160,0
4847,4847,200,0
4848,4848,160,0
4849,4849,140,0
4850,4850,80,0
4851,4851,660,0
4852,4852,120,0
4853,4853,120,0
4854,4854,660,5
4855,4855,120,0
4856,4856,80,0
4857,4857,160,0
4858,4858,140,0
4859,4859,240,10
4860,4860,200,10
4861,4861,160,0
4862,4862,200,10
4863,4863,140,0
4864,4864,140,0
4865,4865,160,0
4866,4866,160,0
4867,4867,280,5
4868,4868,80,0
4869,4869,120,0
4870,4870,80,0
4871,4871,80,0
4872,4872,80,0
4873,4873,80,0
4874,4874,80,8
4875,4875,80,4
4876,4876,100,0
4877,4877,80,0
4878,4878,100,0
4879,4879,80,0
4880,4880,80,8
4881,4881,80,8
4882,4882,100,8
4883,4883,100,0
4884,4884,80,8
4885,4885,100,8
4886,4886,80,0
4887,4887,100,9
4888,4888,80,0
4889,4889,80,6
4890,4890,80,0
4891,4891,80,0
4892,4892,80,8
4893,4893,80,8
4894,4894,80,8
8895,4895,80,8
4896,4896,100,0
4897,4897,80,0
4898,4898,80,7
4899,4899,100,9
4900,4900,100,0
4901,4901,100,9
4902,4902,100,9
4903,4903,100,9
4904,4904,80,0
4905,4905,80,10
4906,4906,100,10
4907,4907,80,5
4908,4908,80,10
4909,4909,80,0
4910,4910,80,0
4911,4911,160,10
4912,4912,80,0
4913,4913,160,10
4914,4914,80,0
4915,4915,160,10
4916,4916,160,10
4917,4917,100,10
4918,4918,120,0
95,F-00011,120,332
266,F-00019,120,206
1179,F-00030,120,91
305,F-00032,120,200
306,F-00036,120,240
96,F-00037,120,437
93,F-00039,120,224
94,F-00040,120,199
44,F-00051,120,34
14,F-00052,120,113
142,F-00054,120,81
145,F-00058,120,214
134,F-00063,120,213
2,F-00074,120,178
37,F-00080,120,22
304,F-00082,120,411
112,F-00087,120,154
76,F-00110,120,739
78,F-00111,120,429
82,F-00114,120,301
48,F-00117,120,169
307,F-00118,120,73
63,F-00136,120,224
40,F-00152,120,31
28,F-00154,120,201
36,F-00182,120,168
45,F-00183,120,64
53,F-00185,120,225
88,F-00187,120,173
65,F-00189,120,342
135,F-00297,120,597
72,F-00313,120,316
79,F-00315,120,74
3,F-00355,120,198
13,F-00365,120,82
87,F-00366,120,277
117,F-00368,120,169
66,F-00395,120,316
83,F-00403,120,430
1172,F-00413,120,0
26,F-00414,120,21
89,F-00418,120,234
27,F-00473,120,123
73,F-00484,120,3662
46,F-00517,120,69
105,F-00533,120,409
136,F-00558,120,494
118,F-00561,120,206
84,F-00600,120,514
104,F-00607,120,610
81,F-00619,120,408
38,F-00632,120,94
47,F-00648,120,65
64,F-00657,120,234
137,F-00663,120,436
143,F-00666,120,55
113,F-00677,120,252
138,F-00681,120,602
114,F-00688,120,272
77,F-00740,120,923
308,F-00758,120,173
80,F-00769,120,133
41,F-00771,120,66
85,F-00779,120,528
39,F-00782,120,331
97,F-00849,120,145
42,F-00855,120,68
267,F-00865,120,213
116,F-00868,120,525
139,F-00887,120,538
115,F-00895,120,275
49,F-00959,120,157
20,F-00976,120,284
140,F-00978,120,591
75,F-00993,120,510
69,F-00993X,120,358
90,F-01051,120,258
91,F-01052,120,231
309,F-01065,120,225
86,F-01072,120,353
43,F-01091,120,75
98,F-01100,120,270
99,F-01105,120,247
67,F-01140,120,489
141,F-01159,120,523
531,F-00009,160,95
1132,F-00011X,160,50
657,F-00025,160,294
858,F-00026,160,258
202,F-00027,160,399
372,F-00028,160,701
92,F-00030A,160,347
560,F-00031,160,411
1133,F-00037X,160,42
1131,F-00041,160,398
990,F-00046,160,388
661,F-00047,160,21
396,F-00048,160,154
1170,F-00061,160,128
968,F-00062,160,433
125,F-00063X,160,50
1178,F-00065,160,289
205,F-00069,160,63
380,F-00078,160,215
912,F-00081,160,184
311,F-00086,160,732
848,F-00088,160,255
371,F-00089,160,454
270,F-00089X,160,156
563,F-00096,160,239
272,F-00097,160,278
1174,F-00099,160,96
461,F-00099A,160,85
158,F-00100,160,328
157,F-00100A,160,261
740,F-00101,160,163
166,F-00104,160,264
163,F-00108,160,166
165,F-00109,160,1128
1138,F-00109X,160,358
908,F-00113,160,1463
56,F-00114X,160,63
662,F-00124,160,156
312,F-00130,160,684
846,F-00132,160,92
847,F-00134,160,112
133,F-00138,160,437
100,F-00140,160,103
652,F-00141,160,183
864,F-00142,160,309
107,F-00143,160,73
106,F-00144,160,69
108,F-00145,160,59
119,F-00146,160,42
21,F-00148,160,51
15,F-00149,160,89
147,F-00153,160,130
120,F-00158,160,116
121,F-00163,160,74
70,F-00163X,160,228
50,F-00164,160,190
30,F-00165,160,182
152,F-00166,160,33
170,F-00168,160,145
852,F-00169,160,164
102,F-00184,160,229
159,F-00186,160,336
156,F-00186A,160,281
167,F-00191,160,316
206,F-00193,160,93
287,F-00194,160,362
293,F-00195,160,420
525,F-00196,160,214
532,F-00199,160,143
891,F-00204,160,112
667,F-00206,160,1478
987,F-00208,160,90
970,F-00209,160,260
382,F-00295,160,213
310,F-00296,160,717
126,F-00297X,160,50
F-00299,F-00299,160,89
521,F-00301,160,145
659,F-00303,160,192
222,F-00304,160,49
71,F-00307,160,283
103,F-00308,160,156
656,F-00309,160,272
524,F-00311,160,341
522,F-00312,160,147
68,F-00313X,160,102
849,F-00319,160,381
660,F-00331,160,143
369,F-00332,160,151
223,F-00333,160,48
25,F-00356,160,52
931,F-00358,160,478
57,F-00366X,160,64
739,F-00367,160,343
1137,F-00368X,160,19
1169,F-00378A,160,257
415,F-00387,160,264
416,F-00387M,160,185
665,F-00389,160,522
871,F-00394,160,284
58,F-00403X,160,64
865,F-00404,160,370
741,F-00408,160,646
164,F-00420,160,169
109,F-00421,160,65
52,F-00421X,160,57
526,F-00422,160,226
204,F-00425,160,73
913,F-00431,160,217
10,F-00432,160,37
878,F-00434,160,26
123,F-00436,160,171
175,F-00442,160,157
1154,F-00444XA,160,64
1152,F-00458,160,0
74,F-00459,160,580
54,F-00464,160,265
29,F-00465,160,249
860,F-00479,160,364
658,F-00483,160,273
55,F-00484X,160,94
853,F-00487,160,371
663,F-00490,160,78
174,F-00493,160,159
917,F-00495,160,289
383,F-00496,160,122
148,F-00502,160,136
22,F-00506,160,53
34,F-00519,160,140
653,F-00520,160,169
246,F-00526,160,203
111,F-00529,160,204
538,F-00530,160,215
173,F-00531,160,177
879,F-00548,160,10
16,F-00555,160,91
24,F-00556,160,258
127,F-00558X,160,55
1136,F-00561X,160,53
151,F-00562,160,15
23,F-00586,160,225
313,F-00590,160,159
11,F-00597,160,112
59,F-00600X,160,61
176,F-00605,160,208
4,F-00608,160,438
149,F-00609,160,213
914,F-00633,160,233
150,F-00640,160,208
122,F-00641,160,73
128,F-00663X,160,54
171,F-00667,160,509
932,F-00673,160,194
664,F-00675,160,128
207,F-00680,160,99
129,F-00681X,160,63
850,F-00682,160,420
17,F-00689,160,58
530,F-00696,160,100
172,F-00720,160,470
540,F-00721,160,367
51,F-00741,160,199
12,F-00744,160,112
245,F-00748,160,302
208,F-00759,160,89
60,F-00779X,160,58
33,F-00781X,160,276
1147,F-00786,160,112
1146,F-00786X,160,116
605,F-00788,160,68
742,F-00811,160,416
1140,F-00815,160,329
809,F-00817,160,144
315,F-00820,160,215
870,F-00835,160,441
314,F-00837,160,220
1134,F-00849X,160,52
988,F-00850,160,101
720,F-00859,160,128
1135,F-00868X,160,20
101,F-00886,160,105
130,F-00887X,160,63
225,F-00889,160,49
209,F-00890,160,98
18,F-00894,160,99
124,F-00915,160,184
288,F-00916,160,454
316,F-00927,160,233
247,F-00938,160,190
131,F-00978X,160,63
851,F-00979,160,394
933,F-00980,160,255
862,F-00981,160,377
35,F-00982,160,141
810,F-00985,160,157
221,F-01010,160,91
854,F-01024,160,372
110,F-01071,160,99
61,F-01072X,160,52
19,F-01106,160,89
169,F-01148,160,302
154,F-01153,160,65
370,F-01157,160,147
397,F-01158,160,181
132,F-01159X,160,62
155,F-01167,160,73
1139,F-01171,160,353
564,F-01173,160,276
F-01221,F-01221,160,90
1141,F-01332,160,415
1145,F-01340,160,248
F-01343,F-01343,160,83
F-00218,F-00218,200,76
F-00393,F-00393,200,94
520,F-00613,200,80
1181,F-01223A,200,263
694,F-00542,340,0
1,F-0000A,340,174
248,F-0000B,340,455
518,F-0000C,340,431
1060,F-0000D,340,1912
279,F-00012,340,84
283,F-00012M,340,72
511,F-00014,340,95
513,F-00014A,340,211
512,F-00014M,340,469
476,F-00014X,340,124
508,F-00014X1,340,157
404,F-00014XX,340,37
515,F-00015,340,109
479,F-00015X,340,20
408,F-00015XX,340,17
277,F-00016,340,265
255,F-00016X,340,227
975,F-00017,340,228
942,F-00017X,340,52
925,F-00017XX,340,115
273,F-00018,340,70
251,F-00018X,340,40
214,F-00018XX,340,17
978,F-00021,340,40
946,F-00021X,340,83
927,F-00021XX,340,123
875,F-00022,340,368
795,F-00022X,340,99
753,F-00022XX,340,140
548,F-00023,340,84
480,F-00023X,340,20
409,F-00023XX,340,34
280,F-00024,340,115
284,F-00024M,340,72
257,F-00024X,340,122
218,F-00024XX,340,65
608,F-00025X,340,396
859,F-00026M,340,214
790,F-00026X,340,186
181,F-00027X,340,318
317,F-00028X,340,258
271,F-00028XX,340,158
979,F-00029,340,93
947,F-00029X,340,92
928,F-00029XX,340,78
976,F-00033,340,232
943,F-00033X,340,93
926,F-00033XX,340,147
278,F-00034,340,285
256,F-00034X,340,189
274,F-00035,340,61
252,F-00035X,340,49
215,F-00035XX,340,35
F-00038,F-00038,340,52
514,F-00038M,340,431
477,F-00038X,340,108
509,F-00038X1,340,126
405,F-00038XX,340,44
899,F-00045,340,552
876,F-00057,340,410
796,F-00057X,340,86
754,F-00057XX,340,149
969,F-00062M,340,316
938,F-00062X,340,175
921,F-00062XX,340,12
1142,F-00070,340,205
488,F-00070X,340,150
541,F-00071,340,401
474,F-00071X,340,262
519,F-00072,340,488
468,F-00072X,340,340
936,F-00073,340,80
394,F-00077,340,317
332,F-00077X,340,358
303,F-00079,340,36
428,F-00090,340,17
429,F-00090M,340,198
1160,F-00090X,340,176
296,F-00090XX,340,125
1055,F-00091,340,425
544,F-00093,340,213
574,F-00094,340,172
494,F-00094X,340,266
402,F-00095,340,269
398,F-00095M,340,191
333,F-00095X,340,144
210,F-00098,340,482
5,F-00102,340,180
1065,F-00103,340,70
1066,F-00103M,340,242
1039,F-00103X,340,80
579,F-00106,340,226
495,F-00106X,340,132
537,F-00107,340,172
472,F-00107X,340,133
589,F-00120,340,166
590,F-00120M,340,47
501,F-00120X,340,174
403,F-00121,340,173
399,F-00121M,340,119
334,F-00121X,340,123
31,F-00122,340,193
244,F-00123,340,452
201,F-00123X,340,100
556,F-00126,340,360
567,F-00126A,340,71
813,F-00128,340,564
750,F-00128X,340,355
571,F-00129,340,100
492,F-00129X,340,21
811,F-00133,340,927
743,F-00133X,340,101
527,F-00135,340,107
469,F-00135X,340,68
882,F-00139,340,3
883,F-00139M,340,76
816,F-00139X,340,10
797,F-00139X1,340,333
456,F-00171,340,278
459,F-00171A,340,283
880,F-00172,340,106
1058,F-00176,340,288
6,F-00178,340,232
381,F-00198,340,219
323,F-00198X,340,266
1026,F-00205,340,214
1059,F-00207,340,123
1038,F-00207X,340,298
1057,F-00211,340,442
1148,F-00211X,340,293
153,F-00216,340,47
146,F-00217,340,265
226,F-00219,340,127
186,F-00219X,340,64
232,F-00220,340,329
193,F-00220X,340,43
236,F-00221,340,42
196,F-00221X,340,44
238,F-00222,340,53
197,F-00222X,340,56
292,F-00223,340,8
233,F-00223XX,340,224
297,F-00224,340,155
298,F-00225,340,21
300,F-00225M,340,140
262,F-00225X,340,82
388,F-00226,340,188
389,F-00226M,340,154
324,F-00226X,340,109
289,F-00226XM,340,92
290,F-00226XX,340,27
406,F-00227,340,14
437,F-00228,340,174
351,F-00228X,340,49
425,F-00229,340,248
420,F-00229M,340,279
341,F-00229X,340,112
443,F-00230,340,256
438,F-00230M,340,213
352,F-00230X,340,48
446,F-00231,340,115
357,F-00231X,340,158
452,F-00232,340,362
360,F-00232X,340,16
453,F-00233,340,327
361,F-00233X,340,47
460,F-00234,340,178
365,F-00234X,340,63
1167,F-00235,340,117
374,F-00236,340,271
319,F-00236X,340,301
384,F-00237,340,224
419,F-00238,340,352
338,F-00238X,340,283
375,F-00239,340,361
439,F-00240,340,127
353,F-00240X,340,61
594,F-00241,340,21
595,F-00241M,340,117
502,F-00241X,340,96
606,F-00242,340,260
507,F-00242X,340,346
545,F-00243,340,70
546,F-00243M,340,373
478,F-00243X,340,160
510,F-00243X1,340,156
407,F-00243XX,340,49
565,F-00244,340,110
534,F-00245,340,171
533,F-00245M,340,226
572,F-00246,340,110
493,F-00246X,340,50
640,F-00247,340,32
1162,F-00247A,340,220
601,F-00247X,340,235
615,F-00251,340,162
622,F-00253,340,37
1166,F-00253A,340,160
582,F-00253X,340,225
623,F-00254,340,161
628,F-00255M,340,82
593,F-00255X,340,111
655,F-00256,340,719
693,F-00257,340,158
682,F-00258,340,256
707,F-00259,340,224
708,F-00259M,340,69
641,F-00259X,340,39
673,F-00261,340,48
668,F-00261M,340,331
610,F-00261X,340,22
683,F-00262,340,222
684,F-00262M,340,288
620,F-00262X,340,5
727,F-00263,340,64
728,F-00264,340,66
758,F-00265,340,129
723,F-00265X,340,404
764,F-00266,340,320
726,F-00266X,340,295
765,F-00267,340,292
729,F-00267X,340,68
821,F-00268,340,0
892,F-00269,340,106
890,F-00269A,340,219
894,F-00269M,340,123
802,F-00269X,340,110
823,F-00270,340,131
805,F-00270AX,340,202
762,F-00270X,340,230
974,F-00271,340,126
993,F-00272,340,278
953,F-00272X,340,351
994,F-00273,340,204
954,F-00273X,340,94
1000,F-00274,340,240
998,F-00274M,340,235
956,F-00274X,340,27
1079,F-00275,340,231
1046,F-00275X,340,321
1074,F-00276,340,265
1044,F-00276X,340,239
1030,F-00276XX,340,64
1115,F-00277,340,318
1113,F-00277X,340,354
211,F-00280,340,87
566,F-00281,340,125
489,F-00281X,340,135
604,F-00282,340,53
220,F-00283,340,259
185,F-00283X,340,644
203,F-00284,340,310
182,F-00284X,340,331
373,F-00285,340,210
318,F-00285X,340,326
905,F-00286,340,192
385,F-00287,340,204
581,F-00288,340,373
583,F-00288M,340,208
497,F-00288X,340,90
1023,F-00289,340,124
1014,F-00289X,340,341
1024,F-00290,340,142
1015,F-00290X,340,352
445,F-00291,340,281
299,F-00292,340,50
301,F-00292M,340,154
263,F-00292X,340,74
596,F-00293,340,51
503,F-00293X,340,130
654,F-00339,340,446
915,F-00343,340,281
386,F-00360,340,280
325,F-00360X,340,108
291,F-00360XX,340,50
549,F-00369,340,116
481,F-00369X,340,20
410,F-00369XX,340,24
674,F-00371,340,50
669,F-00371M,340,341
611,F-00371X,340,46
8,F-00372,340,443
666,F-00373,340,302
609,F-00373X,340,311
1008,F-00374,340,339
836,F-00375,340,51
770,F-00375X,340,6
709,F-00376,340,150
1161,F-00376X,340,124
600,F-00377,340,274
506,F-00377X,340,278
868,F-00378,340,2057
789,F-00378X,340,418
747,F-00378XX,340,420
680,F-00380,340,321
619,F-00380X,340,292
224,F-00381,340,287
187,F-00381X,340,89
1114,F-00383,340,253
281,F-00396,340,109
285,F-00396M,340,72
258,F-00396X,340,136
219,F-00396XX,340,76
433,F-00397,340,397
348,F-00397X,340,292
1106,F-00398,340,314
1097,F-00398X,340,106
1091,F-00398XX,340,13
616,F-00399,340,188
712,F-00400,340,111
644,F-00400X,340,90
691,F-00401,340,171
690,F-00401A,340,306
627,F-00401AX,340,342
629,F-00401X,340,93
294,F-00402,340,88
260,F-00402X,340,141
528,F-00406,340,215
470,F-00406X,340,82
454,F-00407,340,317
362,F-00407X,340,40
855,F-00409,340,316
787,F-00409X,340,123
588,F-00411,340,234
977,F-00417,340,190
982,F-00417A,340,146
944,F-00417X,340,78
539,F-00423,340,209
1163,F-00423A,340,0
473,F-00423X,340,285
1105,F-00424,340,266
455,F-00426,340,360
363,F-00426X,340,35
916,F-00433,340,375
937,F-00435,340,112
268,F-00440,340,173
249,F-00440X,340,90
275,F-00441,340,123
253,F-00441X,340,46
216,F-00441XX,340,42
1069,F-00444,340,128
1070,F-00444M,340,429
1042,F-00444X,340,500
1027,F-00444XX,340,0
395,F-00445,340,238
329,F-00445X,340,328
1063,F-00446,340,161
1062,F-00446A,340,295
692,F-00447,340,192
1180,F-00447A,340,173
630,F-00447X,340,50
557,F-00448,340,368
490,F-00448X,340,54
1002,F-00450,340,265
959,F-00450X,340,28
1111,F-00451,340,121
1101,F-00451X,340,273
1095,F-00451XX,340,220
550,F-00467,340,150
482,F-00467X,340,20
411,F-00467XX,340,24
F-00468,F-00468,340,96
430,F-00474,340,144
346,F-00474X,340,194
696,F-00475,340,199
632,F-00475X,340,188
392,F-00476,340,382
330,F-00476X,340,125
881,F-00478,340,117
861,F-00479M,340,272
551,F-00485,340,138
483,F-00485X,340,20
412,F-00485XX,340,36
980,F-00486,340,66
1004,F-00486A,340,310
948,F-00486X,340,105
929,F-00486XX,340,76
570,F-00488,340,341
491,F-00488X,340,211
427,F-00488XX,340,167
523,F-00489,340,239
873,F-00492,340,245
793,F-00492X,340,66
749,F-00492XX,340,102
230,F-00494,340,556
191,F-00494X,340,278
179,F-00494XX,340,295
213,F-00497,340,491
184,F-00497X,340,351
178,F-00497XX,340,294
295,F-00499,340,139
261,F-00499X,340,133
699,F-00501,340,49
635,F-00501X,340,70
535,F-00509,340,109
240,F-00512,340,46
198,F-00512X,340,56
243,F-00513,340,294
1171,F-00513AX,340,41
447,F-00515,340,0
448,F-00515M,340,269
597,F-00518,340,86
598,F-00518M,340,139
504,F-00518X,340,121
910,F-00522,340,158
9,F-00523,340,518
618,F-00524,340,95
575,F-00524X,340,208
568,F-00527,340,192
160,F-00531X,340,96
586,F-00534,340,674
585,F-00534A,340,0
587,F-00534M,340,498
500,F-00534X,340,167
678,F-00535,340,468
617,F-00535X,340,263
971,F-00537,340,369
939,F-00537X,340,21
922,F-00537XX,340,334
972,F-00539,340,322
973,F-00539M,340,421
941,F-00539X,340,174
940,F-00539XM,340,418
830,F-00540,340,487
763,F-00540X,340,328
725,F-00540XX,340,124
675,F-00541,340,283
612,F-00541X,340,39
695,F-00542A,340,206
697,F-00542M,340,255
633,F-00542X,340,0
421,F-00543,340,145
342,F-00543X,340,86
700,F-00544,340,43
706,F-00544A,340,75
636,F-00544X,340,68
676,F-00545,340,50
670,F-00545M,340,336
884,F-00546,340,11
885,F-00546M,340,84
798,F-00546X,340,103
177,F-00547,340,276
168,F-00547X,340,320
1080,F-00560,340,102
1047,F-00560X,340,18
1033,F-00560XX,340,264
1064,F-00569,340,255
1040,F-00569X,340,80
180,F-00576,340,91
1083,F-00581,340,243
1050,F-00581X,340,71
1032,F-00582,340,212
686,F-00583,340,188
856,F-00584,340,192
788,F-00584X,340,110
1005,F-00585,340,262
962,F-00585X,340,331
1021,F-00587,340,108
1022,F-00587M,340,264
1013,F-00587X,340,418
989,F-00587XX,340,330
1020,F-00588,340,300
1012,F-00588X,340,312
986,F-00588XX,340,334
866,F-00589,340,161
869,F-00589A,340,559
791,F-00589X,340,169
748,F-00589XX,340,170
685,F-00592,340,268
621,F-00592X,340,87
983,F-00593,340,151
945,F-00593X,340,107
1151,F-00594,340,88
462,F-00599,340,238
366,F-00599X,340,255
393,F-00601,340,426
331,F-00601X,340,149
569,F-00604,340,182
417,F-00612,340,319
339,F-00612X,340,149
1011,F-00622,340,502
966,F-00622X,340,349
935,F-00622XX,340,277
838,F-00624,340,111
774,F-00624X,340,51
536,F-00631,340,132
276,F-00642,340,149
254,F-00642X,340,70
217,F-00642XX,340,35
1076,F-00644,340,50
1122,F-00647,340,246
376,F-00651,340,292
320,F-00651X,340,90
400,F-00652,340,175
335,F-00652X,340,163
554,F-00653,340,478
486,F-00653X,340,65
573,F-00658,340,152
161,F-00659,340,86
591,F-00661,340,218
592,F-00661M,340,118
886,F-00662,340,38
799,F-00662M,340,93
887,F-00662X,340,94
162,F-00667X,340,127
440,F-00668,340,194
354,F-00668X,340,61
584,F-00669,340,153
498,F-00669X,340,105
227,F-00670,340,115
231,F-00670A,340,96
192,F-00670AX,340,122
188,F-00670X,340,79
777,F-00671,340,99
734,F-00671X,340,66
241,F-00672,340,52
199,F-00672X,340,50
918,F-00673X,340,106
1072,F-00678,340,298
1043,F-00678X,340,326
730,F-00683,340,60
701,F-00683X,340,95
32,F-00687,340,206
679,F-00694,340,147
687,F-00695,340,211
831,F-00697,340,239
817,F-00698,340,516
755,F-00698X,340,70
984,F-00704,340,204
898,F-00706,340,254
806,F-00706X,340,270
897,F-00709,340,454
463,F-00712,340,106
542,F-00713,340,235
475,F-00713X,340,255
599,F-00714,340,86
505,F-00714X,340,120
422,F-00716,340,304
343,F-00716X,340,128
434,F-00717,340,514
1006,F-00718,340,207
963,F-00718X,340,252
1175,F-00718XX,340,144
999,F-00719,340,193
957,F-00719X,340,90
529,F-00724,340,191
471,F-00724X,340,73
992,F-00725,340,331
952,F-00725X,340,358
7,F-00726,340,567
967,F-00727,340,75
909,F-00729,340,98
577,F-00731,340,55
814,F-00734,340,299
751,F-00734X,340,442
815,F-00735,340,362
752,F-00735X,340,312
1067,F-00737,340,42
1068,F-00737M,340,244
1041,F-00737X,340,79
379,F-00738,340,316
269,F-00739,340,242
250,F-00739X,340,125
1089,F-00742,340,239
893,F-00743,340,96
803,F-00743X,340,121
1084,F-00745,340,222
1051,F-00745X,340,65
888,F-00749,340,92
800,F-00749?,340,27
906,F-00750,340,51
841,F-00751,340,323
907,F-00752,340,71
778,F-00752XX,340,31
874,F-00754,340,177
794,F-00754X,340,109
1007,F-00755,340,516
964,F-00755X,340,250
934,F-00755XX,340,131
997,F-00756,340,200
958,F-00756X,340,20
981,F-00762,340,109
949,F-00762X,340,100
930,F-00762XX,340,78
516,F-00764,340,153
484,F-00764X,340,20
413,F-00764XX,340,37
812,F-00765,340,1115
745,F-00765X,340,173
837,F-00766,340,106
771,F-00766X,340,20
711,F-00780,340,261
643,F-00780X,340,308
377,F-00783,340,399
321,F-00783X,340,140
212,F-00796,340,100
183,F-00796X,340,146
242,F-00797,340,66
200,F-00797X,340,59
1144,F-00798,340,381
991,F-00800,340,140
951,F-00800X,340,313
1001,F-00801,340,258
960,F-00801X,340,17
1077,F-00803,340,100
228,F-00806,340,23
189,F-00806X,340,160
234,F-00807,340,134
194,F-00807X,340,164
602,F-00808,340,29
818,F-00809,340,120
842,F-00810,340,164
783,F-00810X,340,190
677,F-00812,340,278
704,F-00813,340,123
637,F-00813X,340,70
895,F-00814,340,108
820,F-00814X,340,315
902,F-00816,340,102
457,F-00818,340,180
578,F-00819,340,57
756,F-00821,340,59
721,F-00821X,340,254
1165,F-00824,340,210
779,F-00825,340,176
735,F-00825X,340,78
719,F-00826,340,123
651,F-00826X,340,320
607,F-00826XX,340,310
1085,F-00827,340,345
1052,F-00827X,340,475
423,F-00829,340,286
340,F-00829X,340,154
401,F-00830,340,177
336,F-00830X,340,169
378,F-00831,340,418
322,F-00831X,340,128
710,F-00832,340,71
642,F-00832X,340,228
390,F-00833,340,148
326,F-00833X,340,108
773,F-00838,340,330
733,F-00838X,340,365
757,F-00839,340,110
722,F-00839X,340,246
903,F-00843,340,39
547,F-00844,340,372
834,F-00847,340,154
766,F-00847X,340,97
1054,F-00857X,340,364
603,F-00860,340,30
900,F-00869,340,274
807,F-00869X,340,152
828,F-00871,340,93
839,F-00872,340,87
775,F-00872X,340,88
759,F-00877,340,214
724,F-00877X,340,357
449,F-00878,340,0
450,F-00878M,340,161
359,F-00878X,340,23
1071,F-00880,340,527
1056,F-00880X,340,614
1016,F-00880XX,340,358
713,F-00881,340,133
645,F-00881X,340,98
144,F-00884,340,95
832,F-00899,340,261
819,F-00900,340,174
265,F-00901,340,64
1081,F-00902,340,228
1082,F-00902A,340,2
1048,F-00902X,340,74
1090,F-00908,340,210
1036,F-00910,340,249
1019,F-00910X,340,342
517,F-00911,340,166
485,F-00911X,340,20
414,F-00911XX,340,28
824,F-00914,340,152
760,F-00914X,340,56
451,F-00917,340,175
358,F-00917X,340,208
435,F-00919,340,74
349,F-00919X,340,144
731,F-00922,340,60
702,F-00922X,340,80
671,F-00923,340,321
613,F-00923X,340,122
302,F-00926,340,89
264,F-00926X,340,87
715,F-00930,340,241
647,F-00930X,340,137
782,F-00931,340,205
738,F-00931X,340,314
1028,F-00932,340,0
337,F-00933,340,165
688,F-00934,340,235
624,F-00934X,340,151
580,F-00935,340,215
496,F-00935X,340,138
1109,F-00939,340,203
1099,F-00939X,340,113
1093,F-00939XX,340,97
833,F-00940,340,603
467,F-00941,340,281
368,F-00941X,340,344
877,F-00943,340,262
229,F-00948,340,18
190,F-00948X,340,161
235,F-00949,340,127
195,F-00949X,340,162
829,F-00950,340,198
840,F-00951,340,144
776,F-00951X,340,81
698,F-00952,340,301
634,F-00952X,340,200
825,F-00960,340,134
761,F-00960X,340,30
896,F-00961,340,337
804,F-00961X,340,282
826,F-00962,340,146
458,F-00965,340,166
364,F-00965X,340,266
391,F-00966,340,267
328,F-00966X,340,318
844,F-00970,340,192
785,F-00970X,340,164
1078,F-00973,340,102
919,F-00980X,340,135
863,F-00981M,340,268
441,F-00983,340,178
355,F-00983X,340,62
1103,F-00984,340,324
780,F-00986,340,187
736,F-00986X,340,78
1110,F-00988,340,240
1100,F-00988X,340,141
1094,F-00988XX,340,99
716,F-00990,340,279
648,F-00990X,340,133
705,F-00994,340,123
638,F-00994X,340,71
845,F-00996,340,192
786,F-00996X,340,167
1061,F-01002,340,227
1073,F-01003,340,110
1087,F-01006,340,146
1053,F-01006X,340,361
442,F-01009,340,220
356,F-01009X,340,64
426,F-01018,340,268
345,F-01018X,340,291
717,F-01019,340,294
649,F-01019X,340,135
387,F-01021,340,380
327,F-01021X,340,117
901,F-01023,340,281
808,F-01023X,340,165
769,F-01028,340,272
732,F-01028X,340,345
768,F-01029,340,158
1034,F-01030,340,85
1017,F-01030X,340,169
965,F-01030XX,340,353
1120,F-01037,340,228
1118,F-01037X,340,204
1116,F-01037XX,340,87
424,F-01039,340,283
418,F-01039A,340,273
344,F-01039X,340,128
552,F-01042,340,221
1086,F-01043,340,233
631,F-01044,340,34
835,F-01045,340,191
767,F-01045X,340,116
562,F-01046,340,223
558,F-01046M,340,497
867,F-01048,340,257
792,F-01048X,340,183
746,F-01048XX,340,171
985,F-01050,340,225
950,F-01050X,340,344
781,F-01054,340,223
737,F-01054X,340,77
1107,F-01062,340,442
1098,F-01062X,340,136
1092,F-01062XX,340,103
1003,F-01063,340,310
961,F-01063X,340,21
923,F-01066,340,125
924,F-01069,340,145
911,F-01069X,340,294
1102,F-01085,340,90
904,F-01090,340,513
772,F-01090XX,340,11
431,F-01092,340,97
432,F-01092M,340,237
347,F-01092X,340,205
1075,F-01095,340,542
1045,F-01095X,340,357
1031,F-01095XX,340,322
465,F-01096,340,158
466,F-01099,340,162
1035,F-01104,340,110
1018,F-01104X,340,172
1010,F-01104XX,340,305
689,F-01107,340,273
625,F-01107X,340,173
1150,F-01113,340,482
444,F-01117,340,0
996,F-01125,340,245
955,F-01125X,340,104
436,F-01129,340,160
350,F-01129X,340,155
1168,F-01130,340,139
703,F-01138,340,74
639,F-01138X,340,72
1112,F-01139,340,504
681,F-01141,340,234
1121,F-01142,340,353
1119,F-01142X,340,223
1117,F-01142XX,340,76
464,F-01150,340,136
889,F-01151,340,83
801,F-01151X,340,19
718,F-01154,340,303
650,F-01154X,340,144
543,F-01166,340,227
672,F-01170,340,346
614,F-01170X,340,113
555,F-01175,340,560
487,F-01175X,340,67
714,F-01176,340,139
646,F-01176X,340,99
843,F-01177,340,213
784,F-01177X,340,200
1104,F-01178,340,243
1096,F-01178X,340,320
282,F-01179,340,113
286,F-01179M,340,86
259,F-01179X,340,153
F-01186,F-01186,340,16
553,F-01222,340,231
1009,F-01223,340,115
1143,F-01344,340,393
1149,F-01347,340,424
F-01347X,F-01347X,340,488
1176,F-01372,340,147
1177,F-01466,340,140
1164,F-01569,340,248
367,F-01596,340,98
F-01236B,F-01236B,400,30
1088,F-00857,600,74
1126,F-00549,700,52
1128,F-00559,700,17
1127,F-00639,700,63
1123,F-00804,700,20
1125,F-01087,700,350
1124,F-01089,700,11
1129,F-01592,700,136
H-05001,H-05001,300,12
H-05002,H-05002,200,20
H-05003,H-05003,200,18
H-05004,H-05004,200,12
H-05005,H-05005,200,12
H-05006,H-05006,200,20
H-05007,H-05007,300,6
H-05008,H-05008,400,10
H-07502,H-07502,160,28
H-07534,H-07534,120,18
H-07549,H-07549,160,20
H-07552,H-07552,200,20
H-07553,H-07553,760,22
H-07554,H-07554,720,20
H-07555,H-07555,160,20
H-07557,H-07557,200,10
H-07558,H-07558,160,18
H-07576,H-07576,120,19
J-00500,J-00500,220,21
J-00501,J-00501,500,12
J-00502,J-00502,500,42
J-00503,J-00503,500,26
J-00504,J-00504,700,20
J-00505,J-00505,600,20
J-00506,J-00506,500,14
J-00507,J-00507,500,2
K-00002,K-00002,700,20
K-00003,K-00003,700,20
K-00004,K-00004,700,20
K-00006,K-00006,700,10
L-10009,L-10009,160,30
L-10011,L-10011,120,160
L-10012,L-10012,180,28
L-10014,L-10014,140,85
L-10016,L-10016,400,18
L-10024N,L-10024N,140,6
L-10028,L-10028,80,0
L-10029,L-10029,100,98
L-10029N,L-10029N,100,18
L-10030,L-10030,100,96
L-10031,L-10031,100,28
L-10032A,L-10032A,100,28
L-10032B,L-10032B,100,99
L-10033,L-10033,100,98
L-10034,L-10034,80,0
L-10034N,L-10034N,300,13
L-10035,L-10035,120,99
L-10035N,L-10035N,140,11
L-10036,L-10036,100,100
L-10037,L-10037,200,34
L-10044,L-10044,100,38
L-10069,L-10069,200,125
L-10082,L-10082,300,46
L-10083,L-10083,140,99
L-10089,L-10089,100,24
L-10089A,L-10089A,100,27
L-10114N,L-10114N,400,16
L-10115,L-10115,280,97
L-10123,L-10123,160,89
L-10140,L-10140,200,18
L-10150N,L-10150N,400,7
L-10173N,L-10173N,300,0
L-10201N,L-10201N,600,1
L-10211,L-10211,200,11
L-10246,L-10246,100,12
L-40130,L-40130,160,34
L-M6002,L-M6002,300,6
L-M6008,L-M6008,500,0
L-M6046,L-M6046,300,4
O-02003,O-02003,20,14
O-02525,O-02525,20,19
O-02527,O-02527,20,20
O-02529,O-02529,20,20
O-02531,O-02531,20,20
O-02533,O-02533,20,20
O-02535,O-02535,20,20
O-02536,O-02536,20,20
O-02538,O-02538,20,19
O-02539,O-02539,20,20
O-02541,O-02541,20,20
O-02542,O-02542,20,20
O-02543,O-02543,20,19
O-02601,O-02601,20,12
O-02602,O-02602,20,16
O-02605,O-02605,20,19
O-02606,O-02606,20,14
O-02607,O-02607,20,20
O-02609,O-02609,20,20
O-02610,O-02610,20,20
O-02611,O-02611,20,20
O-02612,O-02612,20,20
O-02613,O-02613,20,13
O-02614,O-02614,20,14
O-02615,O-02615,20,20
O-02618,O-02618,20,14
O-02621,O-02621,20,14
O-02625,O-02625,20,16
O-02627,O-02627,20,16
O-02629,O-02629,20,20
O-02630,O-02630,20,20
O-02631,O-02631,20,20
O-02633,O-02633,20,20
O-02635,O-02635,20,20
O-02637,O-02637,20,20
O-02640,O-02640,20,20
O-02642,O-02642,20,20
O-02644,O-02644,20,20
O-02649,O-02649,20,20
O-02652,O-02652,20,20
O-02654,O-02654,20,25
O-02659,O-02659,40,100
O-02667,O-02667,40,20
O-02672,O-02672,40,20
O-02675,O-02675,40,20
O-02677,O-02677,40,20
O-02692,O-02692,60,20
O-02702,O-02702,20,14
O-02704,O-02704,20,13
O-02706,O-02706,20,0
O-02708,O-02708,20,100
O-02711V,O-02711V,20,60
O-02712,O-02712,20,13
O-02713,O-02713,20,0
O-02715,O-02715,20,20
O-02716,O-02716,20,0
O-02717,O-02717,20,0
O-02718,O-02718,20,15
O-02719,O-02719,20,15
O-02720,O-02720,20,55
O-02721,O-02721,40,56
O-02724,O-02724,20,14
O-02728,O-02728,20,100
O-02730,O-02730,20,15
O-02731,O-02731,20,95
O-02733,O-02733,20,19
O-02735,O-02735,20,19
O-02737,O-02737,20,19
O-02739,O-02739,20,10
O-02741,O-02741,20,20
O-02743,O-02743,20,20
O-02745,O-02745,40,15
O-02746,O-02746,40,15
O-02747,O-02747,40,15
O-02748,O-02748,40,15
O-02749,O-02749,20,16
O-02750,O-02750,40,10
O-02752,O-02752,40,20
O-02753,O-02753,20,16
O-02755,O-02755,20,19
O-02757,O-02757,40,20
O-02759,O-02759,20,20
O-02760,O-02760,60,20
O-02762,O-02762,20,19
O-02766,O-02766,20,0
O-02768,O-02768,20,0
O-02769,O-02769,20,0
O-02770,O-02770,40,20
O-02771A,O-02771A,40,13
O-02772,O-02772,20,9
O-02773A,O-02773A,20,60
O-02774,O-02774,60,15
O-02774A,O-02774A,20,60
O-02775,O-02775,40,150
O-02775A,O-02775A,40,20
O-02776,O-02776,40,20
O-02777,O-02777,40,20
O-02777A,O-02777A,40,20
O-02778,O-02778,40,20
O-02778A,O-02778A,80,20
O-02779,O-02779,40,10
O-02779A,O-02779A,60,20
O-02780A,O-02780A,40,20
O-02781,O-02781,60,20
O-02781A,O-02781A,40,100
O-02782,O-02782,60,20
O-02782A,O-02782A,60,20
O-02783A,O-02783A,40,20
O-02784,O-02784,80,20
O-02784A,O-02784A,40,20
O-02785,O-02785,60,20
O-02785A,O-02785A,60,20
O-02786,O-02786,40,20
O-02786A,O-02786A,60,20
O-02787A,O-02787A,80,20
O-02788A,O-02788A,60,20
O-02789,O-02789,80,20
O-02789A,O-02789A,60,20
O-02790,O-02790,120,20
O-02791,O-02791,80,20
O-02791A,O-02791A,80,20
O-02792V,O-02792V,60,20
O-02793,O-02793,60,60
O-02796A,O-02796A,80,15
O-02799,O-02799,60,20
O-02802,O-02802,20,13
O-02805,O-02805,20,100
O-02809,O-02809,20,14
O-02810,O-02810,20,20
O-02812,O-02812,20,19
O-02813,O-02813,20,900
O-02814,O-02814,20,14
O-02816,O-02816,20,20
O-02817,O-02817,20,18
O-02820,O-02820,20,367
O-02821,O-02821,20,435
O-02822,O-02822,20,65
O-02826,O-02826,20,60
O-02828,O-02828,20,20
O-02830,O-02830,20,449
O-02831,O-02831,20,20
O-02835,O-02835,20,20
O-02837,O-02837,60,20
O-02841,O-02841,20,20
O-02844,O-02844,20,200
O-02845,O-02845,60,20
O-02847,O-02847,20,238
O-02849,O-02849,20,444
O-02850,O-02850,60,20
O-02851A,O-02851A,20,468
O-02851B,O-02851B,20,414
O-02852A,O-02852A,20,415
O-02854B,O-02854B,20,239
O-02855A,O-02855A,40,229
O-02856B,O-02856B,40,25
O-02857A,O-02857A,40,20
O-02859,O-02859,40,20
O-02859A,O-02859A,40,20
O-02859B,O-02859B,40,20
O-02861A,O-02861A,60,20
O-02861B,O-02861B,40,20
O-02862A,O-02862A,40,20
O-02862B,O-02862B,40,15
O-02863A,O-02863A,60,20
O-02864B,O-02864B,60,20
O-02867,O-02867,60,20
O-02867A,O-02867A,60,20
O-02868,O-02868,80,20
O-02869,O-02869,60,20
O-02870A,O-02870A,140,20
O-02871A,O-02871A,80,20
O-02873,O-02873,80,20
O-02873A,O-02873A,140,20
O-02873B,O-02873B,80,15
O-02874B,O-02874B,100,20
O-02879,O-02879,80,20
O-02904,O-02904,20,100
O-02905,O-02905,20,20
O-02906,O-02906,20,0
O-02907,O-02907,20,13
O-02908,O-02908,20,100
O-02910,O-02910,20,20
O-02911,O-02911,20,20
O-02912,O-02912,20,20
O-02913,O-02913,20,20
O-02914,O-02914,20,20
O-02915,O-02915,20,20
O-02916,O-02916,20,20
O-02917,O-02917,20,20
O-02918,O-02918,20,18
O-02918A,O-02918A,20,19
O-02919,O-02919,20,20
O-02919A,O-02919A,20,19
O-02920A,O-02920A,20,20
O-02921,O-02921,40,20
O-02921A,O-02921A,20,20
O-02922,O-02922,20,20
O-02923,O-02923,20,30
O-02925A,O-02925A,40,65
O-02925V,O-02925V,40,65
O-02926,O-02926,40,100
O-02928,O-02928,40,20
O-02929,O-02929,40,64
O-02930,O-02930,40,20
O-02931,O-02931,40,105
O-02932,O-02932,40,20
O-02932A,O-02932A,40,20
O-02933,O-02933,40,20
O-02933A,O-02933A,60,19
O-02934,O-02934,40,20
O-02935A,O-02935A,40,20
O-02936,O-02936,60,20
O-02936A,O-02936A,60,20
O-02937,O-02937,40,20
O-02937A,O-02937A,60,20
O-02938,O-02938,60,20
O-02938A,O-02938A,40,20
O-02939,O-02939,60,20
O-02939A,O-02939A,60,20
O-02940A,O-02940A,40,20
O-02941A,O-02941A,60,20
O-02942,O-02942,40,20
O-02943A,O-02943A,60,20
O-02945,O-02945,60,20
O-02946,O-02946,60,8
O-02946A,O-02946A,80,20
O-02947,O-02947,60,20
O-02947A,O-02947A,80,20
O-02948A,O-02948A,60,20
O-02949,O-02949,80,20
O-02949A,O-02949A,60,20
O-02950,O-02950,60,20
O-02951A,O-02951A,80,20
O-02952,O-02952,60,20
O-02952A,O-02952A,60,20
O-02953V,O-02953V,100,20
O-02955,O-02955,80,20
O-02957,O-02957,80,20
O-02957A,O-02957A,80,20
O-02958,O-02958,80,20
O-02959,O-02959,80,20
O-02960,O-02960,80,20
O-02962,O-02962,100,20
O-02962A,O-02962A,100,20
O-02966,O-02966,120,20
O-02968A,O-02968A,80,20
O-02971,O-02971,100,100
O-03001,O-03001,20,100
O-03002,O-03002,20,19
O-03003,O-03003,20,19
O-03006,O-03006,20,20
O-03007,O-03007,20,0
O-03008,O-03008,20,19
O-03009,O-03009,20,20
O-03010,O-03010,20,20
O-03011,O-03011,20,20
O-03012,O-03012,20,100
O-03015,O-03015,40,20
O-03017,O-03017,40,19
O-03018,O-03018,40,92
O-03019,O-03019,40,20
O-03020,O-03020,40,100
O-03021,O-03021,40,20
O-03022,O-03022,40,20
O-03023,O-03023,40,20
O-03024,O-03024,40,19
O-03025,O-03025,40,20
O-03026,O-03026,40,20
O-03027,O-03027,60,20
O-03029,O-03029,60,20
O-03030,O-03030,40,18
O-03032,O-03032,60,20
O-03033,O-03033,60,64
O-03034,O-03034,60,20
O-03035,O-03035,60,20
O-03036,O-03036,100,20
O-03037,O-03037,60,20
O-03038,O-03038,60,20
O-03039,O-03039,60,20
O-03040,O-03040,40,20
O-03041,O-03041,60,20
O-03042,O-03042,80,20
O-03043,O-03043,100,20
O-03045,O-03045,80,20
O-03046,O-03046,80,20
O-03084,O-03084,100,15
O-04001,O-04001,20,90
O-04002,O-04002,20,76
O-04003,O-04003,20,180
O-04004,O-04004,20,135
O-04005,O-04005,20,101
O-04006,O-04006,20,100
O-04007,O-04007,40,88
O-04008,O-04008,40,117
O-04009,O-04009,40,98
O-04010,O-04010,40,52
O-04011,O-04011,40,46
O-04012,O-04012,40,73
O-04013,O-04013,40,63
O-04014,O-04014,40,78
O-04015,O-04015,60,48
O-04016,O-04016,60,86
O-04017,O-04017,60,59
O-04018,O-04018,60,101
O-04019,O-04019,60,77
O-04020,O-04020,60,80
O-04021,O-04021,60,195
O-04022,O-04022,60,92
O-04023,O-04023,60,72
O-04024,O-04024,80,92
O-04025,O-04025,80,90
O-05001,O-05001,40,94
RK8001,RK8001,1100,10
RK8002,RK8002,1300,35
RK8003,RK8003,1300,7
RK8004,RK8004,1300,5
8005,RK8005,1320,28
8006,RK8006,1300,40
8007,RK8007,1340,20
8008,RK8008,1320,55
8009,RK8009,1380,68
8010,RK8010,1320,60
8011,RK8011,1380,42
8012,RK8012,1360,67
8013,RK8013,1360,50
8014,RK8014,1280,58
8015,RK8015,1340,79
8016,RK8016,1340,60
8017,RK8017,1380,32
8018,RK8018,1360,40
8019,RK8019,1360,46
8020,RK8020,1380,59
8021,RK8021,1380,48
8022,RK8022,1340,37
8023,RK8023,1360,23
8024,RK8024,1360,19
8025,RK8025,1320,37
8026,RK8026,1320,51
8027,RK8027,1420,60
8028,RK8028,1420,50
8029,RK8029,1340,20
8030,RK8030,1380,29
8031,RK8031,1300,80
8032,RK8032,1380,82
8033,RK8033,1340,36
8034,RK8034,1380,51
8035,RK8035,1360,31
8036,RK8036,1380,44
8037,RK8037,1320,50
8038,RK8038,1360,104
8039,RK8039,1380,76
8040,RK8040,1480,96
8041,RK8041,1360,28
8042,RK8042,1340,86
8043,RK8043,1480,75
8044,RK8044,1320,36
8045,RK8045,1320,35
8046,RK8046,1320,30
8047,RK8047,1320,28
8048,RK8048,1320,20
8049,RK8049,1320,22
8050,RK8050,1280,112
8051,RK8051,1280,114
8052,RK8052,1360,54
8053,RK8053,1360,57
8054,RK8054,1420,40
8055,RK8055,1520,83
8056,RK8056,1340,52
8057,RK8057,1360,44
8058,RK8058,1360,73
8059,RK8059,1420,53
8060,RK8060,1320,32
RK8061,RK8061,1340,8
RK8062,RK8062,1340,13
RK8063,RK8063,1360,20
RK8064,RK8064,1320,10
RK8065,RK8065,1460,16
RK8066,RK8066,1460,14
RK8067,RK8067,1360,14
ST-1540,ST-1540,500,14
ST-1640,ST-1640,500,14
-02523,-02523,20,15
