"Product SKU","kod","razmer","tip","q","price"
531,"F-00009","25*35*6/6.5 ","1РМ",160,"60   "
1,"F-0000A","09.7*13.2*3","L-RING",437,"120   "
248,"F-0000B","22.5*25.5*3","L-RING",486,"120   "
518,"F-0000C","25*28*3","L-RING",477,"120   "
1060,"F-0000D","32*42*3","U-RING",1950,"95   "
95,"F-00011","19*34.6*6.2/9.2","1РМ",160,"35   "
279,"F-00012","23*34.5*6.5","7V2",120,"95   "
283,"F-00012M","23*34.5*8","7V1",125,"95   "
511,"F-00014","24.97*37.54*7","7V2",109,"95   "
512,"F-00014M","24.97*37.54*7","7V1",190,"95   "
476,"F-00014X","24.5*37.54*7.5 ","7V1",123,"120   "
508,"F-00014X1","24.7*37.7*6.5 ","7V1",105,"120   "
404,"F-00014XX","24*37.6*6.5","7V1",21,"120   "
515,"F-00015","24.97*37.54/41.24*4.2/7.4","6V2",95,"95   "
479,"F-00015X","24.5*37.54/41.24*4.2/7.4 ","6V2",15,"120   "
408,"F-00015XX","24*37.7/41.3*4.2/7.4","6V2",49,"120   "
277,"F-00016","23*34.3/40.2*3.2/7.5","6V2",190,"95   "
255,"F-00016X","22.5*34.3/40*3.2/7.5","6V2",38,"120   "
975,"F-00017","30*42.5*7","7V1",200,"95   "
942,"F-00017X","29.5*42.5*8","7V1",71,"120   "
925,"F-00017XX","29*42.5*8","7V1",34,"120   "
273,"F-00018","23*34.3/38*3.2/7.4","6V2",80,"95   "
251,"F-00018X","22.5*34.3/38*4.3/8","6V1",13,"120   "
214,"F-00018XX","22*34.3/38*4.3/8","6V2",55,"120   "
266,"F-00019","23*29.8*4.5","0M",179,"60   "
978,"F-00021","30*42.5/49*7.4/10.9","6V2",110,"95   "
946,"F-00021X","29.5*42.5/49*7.4/10.9 ","6V2",9,"120   "
927,"F-00021XX","29*42.5/49*7.4/10.9","6V2",20,"120   "
875,"F-00022","28*39.64*6.35","7V1",215,"95   "
795,"F-00022X","27.5*39.6*8","7V1",230,"120   "
753,"F-00022XX","27*39.6*6.5","7V1",34,"120   "
548,"F-00023","25*37.54/41.24*4.2/7.4","6V2",95,"95   "
480,"F-00023X","24.5*37.54/41.24*4.2/7.4 ","6V2",32,"120   "
409,"F-00023XX","24*37.7/41.3*4.2/7.4","6V2",50,"120   "
280,"F-00024","23*34.5*6.5","7V2",120,"95   "
284,"F-00024M","23*34.5*8","7V1",125,"95   "
257,"F-00024X","22.5*34.5*6.5","7V1",100,"120   "
218,"F-00024XX","22*34.5*6.5","7V1",150,"120   "
657,"F-00025","26*35*7","0M",218,"60   "
608,"F-00025X","25.5*35*7","7V1",242,"120   "
858,"F-00026","28*38*7","0M",150,"60   "
859,"F-00026M","28*38*7","7V1",170,"95   "
790,"F-00026X","27.5*38*8","7V1",124,"120   "
202,"F-00027","22*31*6.5","0M",262,"60   "
181,"F-00027X","21.5*31*6.5","7V1",65,"120   "
372,"F-00028 ","24*33*7","0M",450,"60   "
317,"F-00028X ","23.5*33*7","7V1",25,"120   "
271,"F-00028XX","23*33*8","7V1",212,"120   "
979,"F-00029","30*42.5/49*7.4/10.9","6V2",110,"95   "
947,"F-00029X","29.5*42.5/49*7.4/10.9 ","6V2",10,"120   "
928,"F-00029XX","29*42.5/49*7.4/10.9","6V2",18,"120   "
92,"F-00030","19*34.6*3.8/6.1","1РМ",310,"60   "
560,"F-00031","25*38*7","0M",228,"60   "
305,"F-00032","23.3*29.8*4.5","0M",200,"60   "
976,"F-00033","30*42.5*7","7V1",200,"95   "
943,"F-00033X","29.5*42.5*8","7V1",73,"120   "
926,"F-00033XX","29*42.5*8","7V1",36,"120   "
278,"F-00034","23*34.3/40.2*3.2/7.5","6V2",190,"95   "
256,"F-00034X","22.5*34.3/40*3.2/7.5","6V2",38,"120   "
274,"F-00035","23*34.3/38*3.2/7.4","6V2",80,"95   "
252,"F-00035X","22.5*34.3/38*4.3/8","6V1",18,"120   "
215,"F-00035XX","22*34.3/38*4.3/8","6V2",56,"120   "
306,"F-00036","23.3*29.8*4.5","0M",200,"60   "
96,"F-00037","19*34.6*6.2/9.2","1РМ",160,"35   "
513,"F-00038","24.97*37.54*7","7V2",184,"95   "
514,"F-00038M","24.97*37.54*7","7V1",190,"95   "
477,"F-00038X","24.5*37.54*7.5 ","7V1",115,"120   "
509,"F-00038X1","24.7*37.7*6.5 ","7V1",88,"120   "
405,"F-00038XX","24*37.6*6.5","7V1",25,"120   "
93,"F-00039","19*34.6*4.4/5.9","1РМ",55,"35   "
94,"F-00040","19*34.6*4.4/5.9","1РМ",55,"35   "
899,"F-00045","28*44*6","0M",337,"95   "
990,"F-00046","30*43*8/9.5","1PM",463,"60   "
661,"F-00047","26*37*7 ","0M",17,"60   "
396,"F-00048","24*37*7","0M",282,"60   "
44,"F-00051","18*30*7/8","1РМ",40,"35   "
14,"F-00052","16*28*7","1РМ",268,"35   "
142,"F-00054","20*30*7","1РМ",70,"35   "
876,"F-00057","28*39.64*6.35","7V1",215,"95   "
796,"F-00057X","27.5*39.6*8","7V1",225,"120   "
754,"F-00057XX","27*39.6*6.5","7V1",22,"120   "
145,"F-00058","20*32*5/5.5","1РМ",211,"35   "
968,"F-00062","30*40*7","0M",355,"60   "
969,"F-00062M","30*40*7","7V1",418,"95   "
938,"F-00062X","29.5*40*7","7V1",264,"120   "
921,"F-00062XX","29*40*8","7V2",286,"120   "
134,"F-00063","20*30*5/6","1РМ",400,"35   "
125,"F-00063X","19.5*30*5/6","1РМ",31,"60   "
205,"F-00069","22*32*5/5.5","1РМ",150,"60   "
561,"F-00070","25*38.2*7 ","7V2",0,"95   "
559,"F-00070M","25*38*6.3 ","7V1",165,"90   "
488,"F-00070X","24.5*38*7 ","7V1",90,"120   "
541,"F-00071 ","25*37*7","7V1",390,"95   "
474,"F-00071X","24.5*37*7","7V1",172,"120   "
519,"F-00072","25*33/37.5*6.7/8","6V3",324,"95   "
468,"F-00072X","24.5*33/37.5*6.7/8","6V3",79,"120   "
936,"F-00073","29.4*47*6/7.5","1РМ",163,"95   "
2,"F-00074","10*20*7.5","0M",26,"60   "
394,"F-00077","24*37*14.5/20 ","4A",54,"95   "
332,"F-00077X","23.5*37*14.5/20","4A",85,"120   "
380,"F-00078","24*36*7 ","0M",135,"60   "
303,"F-00079","23*48.5*7.5","7V2",49,"120   "
37,"F-00080","18*30*6","1РМ",55,"35   "
912,"F-00081","28.5*43*6.5 ","0M",130,"60   "
304,"F-00082","23.3*29.8*1.7/4.5","4V2",147,"60   "
311,"F-00086","23.3*30*4/6.7","4V2",91,"60   "
112,"F-00087","19.05*34.6*4.4/5.9","1РМ",55,"35   "
848,"F-00088","28*37*5 ","0M",85,"60   "
371,"F-00089","24*33*5/5.5 ","1РМ",184,"60   "
270,"F-00089X","23*33*5/5.5","1РМ",277,"60   "
428,"F-00090","24*39*8.5","7V2",150,"95   "
429,"F-00090M","24*39*8.5 ","7V1",200,"95   "
296,"F-00090XX","23*39*8.5","7V2",298,"120   "
1055,"F-00091","31.7*38.1*3/5","4V2",462,"95   "
544,"F-00093","25*37*9   ","7V1",180,"95   "
576,"F-00094","25*39.5*8.5","7V2",30,"95   "
574,"F-00094M","25*39.5*8","7V1",150,"95   "
494,"F-00094X","24.5*39.5*8.5","7V1",37,"120   "
402,"F-00095","24*37*8 ","7V2",204,"95   "
398,"F-00095M","24*37*8","7V1",200,"95   "
333,"F-00095X","23.5*37*8.5","7V1",80,"120   "
563,"F-00096","25*38*7/8","1РМ",150,"60   "
272,"F-00097","23*34*6.5","0M",254,"60   "
210,"F-00098","22*32*7","7V1",210,"95   "
461,"F-00099","24*43*8.5 ","1РМ",117,"60   "
158,"F-00100","20*40*6","1РМ",150,"60   "
157,"F-00100A","20*39.67*6.5","1РМ",300,"60   "
740,"F-00101","27*37*3.5/7","0M",289,"60   "
5,"F-00102","12*27*9/10","7V1PM",145,"95   "
1065,"F-00103","32*44.5*6.5","7V2",151,"95   "
1066,"F-00103M","32*44.5*6.5","7V1",217,"95   "
1039,"F-00103X","31.5*44.5*6.5","7V3",142,"120   "
166,"F-00104","20*44*4.5","3A",180,"60   "
579,"F-00106","25*40*8.5","7V2",105,"95   "
495,"F-00106X","24.5*40*8","7V1",24,"120   "
537,"F-00107","25*35/40*1.7/10","6V2",280,"95   "
472,"F-00107X","24.5*35/40*1.7/10","6V3",166,"120   "
163,"F-00108","20*42.5*3.8/5","1РМ",86,"60   "
165,"F-00109","20*42.5*7/7.8","1РМ",335,"60   "
76,"F-00110","19*30*5/6.5 ","1РМ",320,"35   "
78,"F-00111","19*30*6/6.5","1РМ",300,"35   "
908,"F-00113","28*47*4.2/5","0M",520,"60   "
82,"F-00114","19*32*6/7","1РМ",280,"35   "
56,"F-00114X","18.5*32*6/7","1РМ",72,"60   "
48,"F-00117","18*32*7","1РМ",123,"35   "
307,"F-00118","23.3*29.8*4.5","0M",200,"60   "
589,"F-00120","25*42.5*12.5","7V3",160,"95   "
590,"F-00120M","25*42.5*12.5","7V1",29,"95   "
501,"F-00120X","24.5*42.5*12","7V3",151,"120   "
403,"F-00121","24*37*8 ","7V2",32,"95   "
399,"F-00121M","24*37*8","7V1",200,"95   "
334,"F-00121X","23.5*37*8.5","7V1",80,"120   "
31,"F-00122","17*36*6.6","0MA",150,"95   "
244,"F-00123","22*39.4*10/12.5","7V3",300,"95   "
201,"F-00123X","21.5*39.4*10/12.5","7V3",160,"120   "
662,"F-00124","26*37*7 ","0M",52,"60   "
556,"F-00126","25*38*10/12.5","7V3",456,"95   "
567,"F-00126A","25*38/43*3/9","6V2",103,"95   "
813,"F-00128","27.7*39*8.5 ","7V1",335,"95   "
750,"F-00128X","27*39*8.5","7V1",266,"120   "
571,"F-00129","25*39.3*10/12.6","7V3",113,"95   "
492,"F-00129X","24.5*39.3*10/12.6","7V3",58,"120   "
312,"F-00130","23.3*30*4/6.7","4V2",100,"60   "
846,"F-00132","28*37*4.5 ","0M",165,"60   "
811,"F-00133","27.7*38*8 ","7V1",190,"95   "
743,"F-00133X","27*38*7","7V1",85,"120   "
847,"F-00134","28*37*4.5 ","0M",165,"60   "
527,"F-00135","25*35*4/6.5","4V2",270,"95   "
469,"F-00135X","24.5*35*4/6.5","4V2",20,"120   "
63,"F-00136","18.7*35*7/7.8","1РМ",180,"35   "
133,"F-00138","19.9*39.9*6.5","1РМ",20,"60   "
882,"F-00139","28*40*8 ","7V2",256,"95   "
883,"F-00139M","28*40*8 ","7V1",145,"95   "
816,"F-00139X1","27.7*40*8.5 ","7V2",89,"120   "
797,"F-00139Х","27.5*40*8","7V1",370,"120   "
100,"F-00140","19*37*6.5/8","1РМ",125,"60   "
652,"F-00141","25.7*35.5*7/8","1РМ",493,"60   "
864,"F-00142","28*38*7 ","0M",150,"60   "
107,"F-00143","19.05*33.3*8","1РМA",75,"60   "
106,"F-00144","19.05*33.3*7.9/9.4","1РМ",59,"60   "
108,"F-00145","19.05*33.3*8","1РМA",75,"60   "
119,"F-00146","19.05*36*6.5","1РМA",51,"60   "
21,"F-00148","17*28*8","0M2",132,"60   "
15,"F-00149","16*30*6.3","1РМA",90,"60   "
40,"F-00152","18*30*7","1РМ",120,"35   "
147,"F-00153","20*35*7","0M2",29,"60   "
28,"F-00154","17*32*7","1РМ",5,"35   "
120,"F-00158","19.05*36*6.7","0MA",23,"60   "
121,"F-00163","19.05*36*6.7","0MA",23,"60   "
70,"F-00163X","18.9*36*6.5","1РМ",256,"60   "
50,"F-00164","18*32*8","1РМA",62,"60   "
30,"F-00165","17*34*8","1РМA",287,"60   "
152,"F-00166","20*36*7","1РМ",27,"60   "
170,"F-00168","20.6*41.2*6.3","0M",92,"60   "
852,"F-00169","28*37.6*6","0M",30,"60   "
456,"F-00171","24*42.5*13/14","7V1PM",46,"95   "
459,"F-00171A","24*43*13","7V1",16,"95   "
880,"F-00172","28*40*7.3/8.5 ","7V1PM",160,"95   "
1058,"F-00176","32*40*5 ","1РМ",17,"95   "
6,"F-00178","12*27*9/10","7V1PM",146,"95   "
36,"F-00182","18*28*5/6","1РМ",265,"35   "
45,"F-00183","18*30*7/8","1РМ",53,"35   "
102,"F-00184","19*38*7/7.8","1РМ",410,"60   "
53,"F-00185","18*34*7","1РМ",336,"35   "
159,"F-00186","20*40*6","1РМ",150,"60   "
156,"F-00186A","20*39.62*6.35/7","1РМ",32,"60   "
88,"F-00187","19*32*7/7.8","1РМ",170,"35   "
65,"F-00189","18.75*30*5/5.5","1РМ",250,"35   "
167,"F-00191","20*44*4.5","3A",180,"60   "
206,"F-00193","22*32*5/5.5","1РМ",150,"60   "
287,"F-00194","23*35*6.5","1РМ",263,"60   "
293,"F-00195","23*38*7","0M",435,"60   "
525,"F-00196","25*34*7","0M",235,"60   "
381,"F-00198","24*36*7 ","7V2",387,"95   "
323,"F-00198X","23.5*36*7","7V1",28,"120   "
532,"F-00199","25*35*7 ","0M",300,"60   "
891,"F-00204","28*41*6.5","0M",300,"60   "
1026,"F-00205","31*44*6.5","1РМ",312,"95   "
667,"F-00206","26*38*6.5 ","0M",500,"60   "
1059,"F-00207","32*40*5/9","4V2",79,"95   "
1038,"F-00207X","31.5*40*5/9","4V2",11,"120   "
987,"F-00208","30*43*6.5","0M",146,"95   "
970,"F-00209","30*41*6.5","0M",310,"60   "
1057,"F-00211","32*40*5",12,0,"95   "
153,"F-00216","20*36*7","7V2",108,"95   "
146,"F-00217","20*32*7 ","7V2",69,"95   "
226,"F-00219","22*35*8.5","7V1",106,"95   "
186,"F-00219X","21.5*35*8.5","7V1",30,"120   "
232,"F-00220","22*36.6*8","7V2",100,"95   "
193,"F-00220X","21.5*36.5*8.5 ","7V1",64,"120   "
236,"F-00221","22*38.2*8","7V2",18,"95   "
237,"F-00221M","22*38.2*8","7V1",70,"95   "
196,"F-00221X","21.5*38.2*9","7V1",5,"120   "
238,"F-00222","22*38.2*8","7V2",20,"95   "
239,"F-00222M","22*38.2*8","7V1",60,"95   "
197,"F-00222X","21.5*38.2*9","7V1",9,"120   "
292,"F-00223","23*37*8.5","7V2",220,"95   "
233,"F-00223XX","22*37*8.5","7V2",276,"120   "
297,"F-00224","23*40*9","7V2",21,"95   "
298,"F-00225","23*41*8","7V2",145,"95   "
300,"F-00225M","23*41*8.5","7V1",120,"95   "
262,"F-00225X","22.5*41*8","7V1",11,"120   "
388,"F-00226","24*36.5*8 ","7V2",47,"95   "
389,"F-00226M","24*36.5*8.5","7V1",300,"95   "
324,"F-00226X","23.5*36.5*8","7V1",118,"120   "
289,"F-00226XM","23*36.5*8.5","7V1",33,"120   "
290,"F-00226XX","23*36.5*8.5","7V2",51,"120   "
406,"F-00227","24*37.6*6.5","7V1",16,"120   "
437,"F-00228","24*40*8","7V1",80,"95   "
351,"F-00228X","23.5*40*8","7V1",79,"120   "
425,"F-00229","24*38.2*8.5","7V2",56,"95   "
420,"F-00229M","24*38.2*8","7V1",150,"95   "
341,"F-00229X","23.5*38.2*8.5","7V1",102,"120   "
443,"F-00230","24*40*8 ","7V2",79,"95   "
438,"F-00230M","24*40*8","7V1",80,"95   "
352,"F-00230X","23.5*40*8","7V2",96,"120   "
446,"F-00231","24*41*8.5 ","7V1",120,"95   "
357,"F-00231X","23.5*41*8.5","7V1",131,"120   "
452,"F-00232","24*42*8","7V1",130,"95   "
360,"F-00232X","23.5*42*8.5","7V1",75,"120   "
453,"F-00233","24*42*8","7V1",130,"95   "
361,"F-00233X","23.5*42*8.5","7V1",75,"120   "
460,"F-00234","24*43*7","7V1",291,"95   "
365,"F-00234X","23.5*43*8.5","7V2",92,"120   "
374,"F-00236","24*34*7 ","7V2",97,"95   "
319,"F-00236X","23.5*34*7","7V1",52,"120   "
384,"F-00237","24*36.2*8 ","7V2",63,"95   "
419,"F-00238 ","24*38.2*12.5","7V1",60,"95   "
338,"F-00238X ","23.5*38*12.5","7V1",65,"120   "
375,"F-00239","24*35*12 ","7V1",239,"95   "
439,"F-00240","24*40*8","7V1",80,"95   "
353,"F-00240X","23.5*40*8","7V1",91,"120   "
594,"F-00241","25*43*9 ","7V2",32,"95   "
595,"F-00241M","25*43*9 ","7V1",100,"95   "
502,"F-00241X","24.5*43*9","7V1",75,"120   "
606,"F-00242","25*48*10","7V1",34,"95   "
507,"F-00242X","24.5*48*10","7V1",79,"120   "
367,"F-00242XX","23.5*48*8.5","7V1",35,"120   "
545,"F-00243","25*37.54*7","7V2",54,"95   "
546,"F-00243M","25*37.54*7","7V1",190,"95   "
478,"F-00243X","24.5*37.54*7.5 ","7V1",111,"120   "
510,"F-00243X1","24.7*37.7*6.5 ","7V1",99,"120   "
407,"F-00243XX","24*37.6*6.5","7V1",27,"120   "
565,"F-00244","25*38*8.5 ","7V2",150,"95   "
534,"F-00245","25*35*8 ","7V2",282,"95   "
533,"F-00245M","25*35*8","7V1",208,"95   "
572,"F-00246","25*39.3*10/12.6","7V3",144,"95   "
493,"F-00246X","24.5*39.3*10/12.6","7V3",73,"120   "
640,"F-00247 ","25.5*44.5*8.5","7V2",280,"95   "
601,"F-00247X","25*44*8.5 ","7V2",292,"95   "
615,"F-00251","25.5*38.6*8","7V1",246,"95   "
622,"F-00253","25.5*41.5*8.5","7V2",264,"95   "
582,"F-00253X","25*41*8.5 ","7V1",100,"95   "
626,"F-00254","25.5*42*9","7V2",7,"95   "
623,"F-00254M","25.5*42*8.5","7V1",95,"120   "
628,"F-00255M","25.5*42.5*8","7V1",79,"120   "
593,"F-00255X","25*42.5*8","7V2",217,"120   "
655,"F-00256","26*35*6","7V2G",947,"95   "
693,"F-00257","26*43*12.5","7V2",313,"95   "
682,"F-00258","26*41*12.5","7V2",210,"95   "
707,"F-00259 ","26*45*7","7V2",93,"95   "
708,"F-00259M ","26*45*8.5","7V1",215,"95   "
641,"F-00259X","25.5*45*8","7V2",76,"120   "
673,"F-00261","26*38*8.5 ","7V2",31,"95   "
668,"F-00261M","26*38*8.5","7V1",125,"95   "
610,"F-00261X","25.5*38*8.5","7V2",96,"120   "
683,"F-00262","26*41*8.5 ","7V2",30,"95   "
684,"F-00262M","26*41*8.5 ","7V1",80,"95   "
620,"F-00262X","25.5*41*8.5","7V2",47,"120   "
727,"F-00263","26.5*44*8","7V1",61,"95   "
728,"F-00264","26.5*44*8","7V1",43,"95   "
758,"F-00265","27*41*8.5","7V1",27,"95   "
723,"F-00265X","26.5*41*8.5","7V1",300,"120   "
764,"F-00266","27*43*8.5","7V1",349,"95   "
726,"F-00266X","26.5*43*8.5","7V1",36,"120   "
765,"F-00267","27*44*8.5 ","7V1",414,"95   "
729,"F-00267X","26.5*44*8","7V1",72,"95   "
822,"F-00268","27.7*42*12.5 ","7V2",68,"95   "
821,"F-00268A","27.7*42*12.5","7V2PM",245,"95   "
892,"F-00269","28*41*8","7V2",257,"95   "
890,"F-00269A","28*41*12","7V2",249,"95   "
894,"F-00269M","28*41*8 ","7V1",133,"95   "
802,"F-00269X","27.5*41*8.5","7V1",18,"120   "
827,"F-00270","27.7*42*8.5 ","7V2",94,"95   "
805,"F-00270AX","27.5*42.5*8","7V2",244,"120   "
823,"F-00270M","27.7*42*8.5","7V1",42,"95   "
762,"F-00270X","27*42*9.5","7V2",269,"120   "
974,"F-00271","30*42.3*8","7V2",103,"95   "
993,"F-00272","30*45.5*8.5","7V1",34,"95   "
953,"F-00272X","29.5*45.5*8.5","7V1",80,"120   "
994,"F-00273","30*46*8","7V2",4,"95   "
995,"F-00273M","30*46*8","7V1",95,"95   "
954,"F-00273X","29.5*46*8","7V1",123,"120   "
1000,"F-00274","30*47*9","7V2",37,"95   "
998,"F-00274M","30*47*8.5 ","7V1",155,"95   "
956,"F-00274X","29.5*47*8.5","7V2",41,"120   "
1079,"F-00275","32*49*8.5","7V1",174,"95   "
1046,"F-00275X","31.5*49*8.5 ","7V1",75,"120   "
1074,"F-00276","32*46*8.5","7V1",282,"95   "
1044,"F-00276X","31.5*46*8.5 ","7V1",43,"120   "
1030,"F-00276XX","31*46*8.5","7V1",114,"120   "
1115,"F-00277","36*50.5*9","7V2",67,"95   "
1113,"F-00277X","35.5*50.5*9","7V2",84,"120   "
211,"F-00280","22*34*8","7V1",152,"95   "
566,"F-00281","25*38*8.5 ","7V2",150,"95   "
489,"F-00281X","24.5*38*7 ","7V1",84,"120   "
604,"F-00282","25*45*8","7V2",186,"95   "
220,"F-00283","22*35*10/15.4","7V3",330,"95   "
185,"F-00283X","21.5*35*10/15.4 ","7V3",83,"120   "
203,"F-00284","22*32*4/6.5","4V2",190,"95   "
182,"F-00284X","21.5*32*4/6","4V2",73,"120   "
373,"F-00285","24*34*6","7V2G",47,"95   "
318,"F-00285X","23.5*34*6","7V2G",72,"120   "
905,"F-00286","28*46*12.5","7V1",278,"95   "
385,"F-00287","24*36.5*12","7V2",293,"95   "
581,"F-00288","25*41*8","7V2",240,"95   "
583,"F-00288M","25*41*8.5 ","7V1",100,"95   "
497,"F-00288X","24.5*41*8","7V1",0,"120   "
1023,"F-00289","31*43.5*6.5","7V2",258,"95   "
1025,"F-00289A","31*44*6.35","7V1",10,"95   "
1014,"F-00289X","30.5*43.7*6.5 ","7V1",76,"120   "
1024,"F-00290","31*43.7/48*4.5/8.5","6V2",235,"95   "
1029,"F-00290A","31*44/48*4/8.5","6V2",1,"95   "
1015,"F-00290X","30.5*43.7/48*4/8.3","6V2",86,"120   "
445,"F-00291","24*41*12.5 ","7V1",55,"95   "
299,"F-00292","23*41*8","7V2",136,"95   "
301,"F-00292M","23*41*8.5","7V1",120,"95   "
263,"F-00292X","22.5*41*8.5","7V1",16,"120   "
596,"F-00293","25*43*9 ","7V2",84,"95   "
503,"F-00293X","24.5*43*9","7V1",73,"120   "
382,"F-00295","24*36*7 ","0M",135,"60   "
310,"F-00296","23.3*30*4/6.7","4V2",99,"60   "
135,"F-00297","20*30*5/6","1РМ",400,"35   "
126,"F-00297X","19.5*30*5/6","1РМ",50,"60   "
521,"F-00301","25*34*5","0M",150,"60   "
659,"F-00303","26*35.5*6.8/7.3 ","1РМ",250,"60   "
222,"F-00304","22*35*7","0M",40,"60   "
71,"F-00307","19*26.5*3.8/5.8","3A",25,"60   "
103,"F-00308","19*42*6.5/7.6","1РМ",259,"60   "
656,"F-00309","26*35*6","1РМ",238,"60   "
524,"F-00311","25*34*6/6.5","1РМ",188,"60   "
522,"F-00312","25*34*5","0M",150,"60   "
72,"F-00313","19*28*5/6","1РМ",410,"35   "
68,"F-00313X","18.9*28*5","1РМ",25,"60   "
79,"F-00315","19*30*7","1РМ",96,"35   "
849,"F-00319","28*37*5 ","0M",85,"60   "
660,"F-00331","26*37*5 ","0M",476,"60   "
369,"F-00332 ","24*33*5","0M",119,"60   "
223,"F-00333","22*35*7","0M",26,"60   "
654,"F-00339","26*35*4/8","4V2",490,"95   "
915,"F-00343","28.5*44.5*9","7V2",319,"95   "
3,"F-00355","10*20*7.5","0M",26,"60   "
25,"F-00356","17*30*7","0M2",68,"60   "
931,"F-00358","29*43*7","0M",610,"60   "
386,"F-00360","24*36.5*7.5 ","7V1",65,"95   "
325,"F-00360X","23.5*36.5*8","7V1",63,"120   "
291,"F-00360XX","23*36.5*8.5","7V1",23,"120   "
13,"F-00365","16*26*5/6 ","1РМ",53,"35   "
87,"F-00366","19*32*7","1РМ",45,"35   "
57,"F-00366X","18.5*32*6/7","1РМ",76,"60   "
739,"F-00367","27*36*5.5","0M",190,"60   "
117,"F-00368","19.05*34.6*6.3/7.3","1РМ",250,"35   "
549,"F-00369","25*37.54/41.24*4.2/7.4","6V2",95,"95   "
481,"F-00369X","24.5*37.54/41.24*4.2/7.4 ","6V2",40,"120   "
410,"F-00369XX","24*37.7/41.3*4.2/7.4","6V2",53,"120   "
674,"F-00371","26*38*8.5 ","7V2",56,"95   "
669,"F-00371M","26*38*8.5","7V1",125,"95   "
611,"F-00371X","25.5*38*8.5","7V2",93,"120   "
8,"F-00372","14*27*9/10","7V1PM",337,"95   "
666,"F-00373","26*38*12","7V2",223,"95   "
609,"F-00373X","25.5*38*12","7V1",68,"120   "
1008,"F-00374","30*50*8.5","7V1",374,"95   "
836,"F-00375","27.7*45*8.5","7V1",121,"95   "
770,"F-00375X","27*45*8.5","7V1",52,"120   "
709,"F-00376","26*45*8.5","7V1",215,"95   "
600,"F-00377 ","25*44*8.5","7V1",200,"95   "
506,"F-00377X","24.5*44*9","7V1",44,"120   "
868,"F-00378","28*38*7/9","7V3",1000,"95   "
789,"F-00378X","27.5*38*7/9","7V3",538,"120   "
747,"F-00378XX","27*38*8","7V3",298,"120   "
680,"F-00380","26*40*8.5","7V1",248,"95   "
619,"F-00380X","25.5*40*8.5","7V1",49,"120   "
224,"F-00381","22*35*7","7V2",54,"95   "
187,"F-00381X","21.5*35*8.5","7V1",13,"120   "
1114,"F-00383","36*44*5","1РМ",305,"95   "
415,"F-00387","24*38*7 ","0M",281,"60   "
416,"F-00387M","24*38*7 ","0M",302,"60   "
665,"F-00389","26*37*7/8 ","0M",243,"60   "
871,"F-00394","28*38.35*5 ","0M",235,"60   "
66,"F-00395","18.75*30*5/5.5","1РМ",250,"35   "
281,"F-00396","23*34.5*6.5","7V2",120,"95   "
285,"F-00396M","23*34.5*8","7V1",125,"95   "
258,"F-00396X","22.5*34.5*6.5","7V1",100,"120   "
219,"F-00396XX","22*34.5*6.5","7V1",150,"120   "
433,"F-00397","24*39*8.5/16.5","7V2",200,"95   "
348,"F-00397X","23.5*39/44*8.5/16","7V2",291,"120   "
1106,"F-00398","35*50*8","7V1",340,"95   "
1097,"F-00398X","34.5*50*8","7V1",17,"120   "
1091,"F-00398XX","34*50*8","7V1",118,"120   "
616,"F-00399","25.5*38.6*8","7V1",241,"95   "
712,"F-00400","26*46*8","7V1",145,"95   "
644,"F-00400X","25.5*46*8","7V1",14,"120   "
691,"F-00401","26*42.5*8.5","7V1",59,"95   "
690,"F-00401A","26*42.5*13/14","7V1PM",52,"95   "
627,"F-00401AX","25.5*42.5*13/14","7V1PM",90,"120   "
629,"F-00401X","25.5*42.5*8","7V1",21,"120   "
294,"F-00402","23*38*9","7V1",260,"95   "
260,"F-00402X","22.5*38*9","7V1",23,"120   "
83,"F-00403","19*32*6/7","1РМ",280,"35   "
58,"F-00403X","18.5*32*6/7","1РМ",72,"60   "
865,"F-00404","28*38*7 ","0M",150,"60   "
528,"F-00406","25*35*4/6.5","4V2",270,"95   "
470,"F-00406X","24.5*35*4/6.5","4V2",39,"120   "
454,"F-00407","24*42*8","7V1",130,"95   "
362,"F-00407X","23.5*42*8.5","7V1",75,"120   "
741,"F-00408","27*38*5.5","0M",600,"60   "
855,"F-00409","28*38*15","7V2",240,"95   "
787,"F-00409X","27.5*38*15","7V1",19,"120   "
588,"F-00411","25*42*8.5","7V1",480,"95   "
26,"F-00414","17*30*7","1РМ",93,"35   "
977,"F-00417","30*42.5*7","7V1",200,"95   "
982,"F-00417A","30*42.8*6.3","7V2",45,"95   "
944,"F-00417X","29.5*42.5*8","7V1",75,"120   "
89,"F-00418","19*32*7/7.8","1РМ",170,"35   "
164,"F-00420","20*42.5*3.8/5","1РМ",112,"60   "
109,"F-00421","19.05*33.3*8","1РМA",75,"60   "
52,"F-00421X","18*33.3*8","1РМA",66,"60   "
526,"F-00422","25*34*7","0M",220,"60   "
539,"F-00423","25*36*8","7V2",100,"95   "
473,"F-00423X","24.5*36*8.5","7V1",46,"120   "
1105,"F-00424","35*47*7/8.5","1РМ",389,"95   "
204,"F-00425","22*32*5","0M",88,"60   "
455,"F-00426","24*42*8","7V1",130,"95   "
363,"F-00426X","23.5*42*8.5","7V1",75,"120   "
913,"F-00431","28.5*43*6.5 ","0M",130,"60   "
10,"F-00432","15*28*6.3","1РМA",140,"60   "
916,"F-00433","28.6*37.6*5","0M",315,"95   "
920,"F-00433A","29*37.5*5","0M",60,"95   "
878,"F-00434","28*40*6/6.5 ","1РМ",59,"60   "
937,"F-00435","29.4*47*6/7.5","1РМ",161,"95   "
123,"F-00436","19.05*37*6.5/8","1РМ",120,"60   "
268,"F-00440","23*32.5*6/8","4V2",170,"95   "
249,"F-00440X","22.5*32.5*6/8","4V2",6,"120   "
275,"F-00441","23*34.3/38*3.2/7.4","6V2",80,"95   "
253,"F-00441X","22.5*34.3/38*4.3/8","6V1",19,"120   "
216,"F-00441XX","22*34.3/38*4.3/8","6V2",52,"120   "
175,"F-00442","21*33*8/5.5","1РМ",369,"60   "
1069,"F-00444","32*44.5*8.5","7V2",508,"95   "
1070,"F-00444M","32*44.5*8.5","7V1",300,"95   "
1042,"F-00444X ","31.5*44.5*8","7V1",195,"120   "
1027,"F-00444XX","31*44.5*8.5","7V2",70,"120   "
395,"F-00445","24*37*15/17","7V3",0,"95   "
329,"F-00445X","23.5*36/37*15/17","7V3",68,"120   "
1063,"F-00446","32*44*8.5/10","1РМ",214,"95   "
1062,"F-00446A","32*44*6.5/7","1PM",11,"95   "
692,"F-00447","26*42.5*8.5","7V1",83,"95   "
630,"F-00447X","25.5*42.5*8","7V1",34,"120   "
557,"F-00448","25*38*6.3","7V1",165,"95   "
490,"F-00448X","24.5*38*7 ","7V1",64,"120   "
1002,"F-00450","30*48*8 ","7V1",190,"95   "
959,"F-00450X","29.5*48*8.5","7V1",77,"120   "
1111,"F-00451","35*56*8","7V1",233,"95   "
1101,"F-00451X","34.5*56*8","7V1",45,"120   "
1095,"F-00451XX","34*56*8","7V1",259,"120   "
74,"F-00459","19*29*7/7.8","1PM",286,"60   "
54,"F-00464","18*34*8","1РМA",364,"60   "
29,"F-00465","17*32*8.5","0AM2",311,"60   "
550,"F-00467","25*37.54/41.24*4.2/7.4","6V2",95,"95   "
482,"F-00467X","24.5*37.54/41.24*4.2/7.4 ","6V2",42,"120   "
411,"F-00467XX","24*37.7/41.3*4.2/7.4","6V2",53,"120   "
27,"F-00473","17*30*7","1РМ",97,"35   "
430,"F-00474","24*39*8.5 ","7V1",200,"95   "
346,"F-00474X","23.5*39*8.5","7V1",220,"120   "
696,"F-00475","26*43*8.5 ","7V1",185,"95   "
632,"F-00475X","25.5*43*8","7V1",136,"120   "
392,"F-00476","24*36/37*8.5/17.7","6V2MA",98,"95   "
330,"F-00476X","23.5*36/37*8.5/17.7 ","6V2MA",14,"120   "
881,"F-00478","28*40*7.3/8.5 ","7V1PM",160,"95   "
860,"F-00479","28*38*7","0M",150,"60   "
861,"F-00479M","28*38*7","7V1",170,"95   "
658,"F-00483","26*35*7","0M",206,"60   "
73,"F-00484","19*29*4.5/5","1РМ",2050,"35   "
55,"F-00484X","18.5*29*4.5/5.5","1РМ",320,"60   "
551,"F-00485","25*37.54/41.24*4.2/7.4","6V2",95,"95   "
483,"F-00485X","24.5*37.54/41.24*4.2/7.4 ","6V2",19,"120   "
412,"F-00485XX","24*37.7/41.3*4.2/7.4","6V2",48,"120   "
980,"F-00486","30*42.5/49*7.4/10.9","6V2",110,"95   "
1004,"F-00486A","30*49*10","7V2",46,"95   "
948,"F-00486X","29.5*42.5/49*7.4/10.9 ","6V2",16,"120   "
929,"F-00486XX","29*42.5/49*7.4/10.9","6V2",18,"120   "
853,"F-00487","28*37.6*6","0M",30,"60   "
570,"F-00488","25*38.5/45*4/10","6V2",375,"95   "
491,"F-00488X","24.5*38.5/45*4/10","6V2",40,"120   "
427,"F-00488XX","24*38.5/45*4/10","6V2",221,"120   "
523,"F-00489","25*34*5",12,378,"95   "
663,"F-00490","26*37*7 ","0M",15,"60   "
873,"F-00492","28*39*15","6V2MA",250,"95   "
793,"F-00492X","27.5*39*15","6V2MA",125,"120   "
749,"F-00492XX","27*39*15","7V2",198,"120   "
174,"F-00493","20.6*41.3*6.5/8","1РМ",149,"60   "
230,"F-00494","22*35.4*8","7V2",380,"95   "
191,"F-00494X","21.5*35.4*8.2","7V2",299,"120   "
179,"F-00494XX","21*35.4*8.2","7V2",46,"120   "
917,"F-00495","28.6*37.6*5","0M",276,"60   "
383,"F-00496","24*36*7/7.6 ","1РМ",100,"60   "
213,"F-00497","22*34.3*7/12","4V2",150,"95   "
184,"F-00497X","21.5*34.3*7/12 ","4V2",288,"120   "
178,"F-00497XX","21*34.3*7/12","4V2",66,"120   "
295,"F-00499","23*38*9","7V1",260,"95   "
261,"F-00499X","22.5*38*9","7V1",19,"120   "
699,"F-00501","26*44*8 ","7V1",49,"95   "
635,"F-00501X","25.5*44*8.5","7V1",31,"120   "
148,"F-00502","20*35*7","0M2",36,"60   "
22,"F-00506","17*28*8","0M2",124,"60   "
535,"F-00509","25*35*7 ","0M2",0,"95   "
240,"F-00512","22*38.2*8","7V1",32,"95   "
198,"F-00512X","21.5*38.2*9","7V1",6,"120   "
243,"F-00513","22*38.5*8","7V1",84,"95   "
447,"F-00515","24*41*8.5 ","7V2",50,"95   "
448,"F-00515M","24*41*8.5 ","7V1",120,"95   "
46,"F-00517","18*30*7/8","1РМ",45,"35   "
597,"F-00518","25*43*9 ","7V2",55,"95   "
598,"F-00518M","25*43*9 ","7V1",100,"95   "
504,"F-00518X","24.5*43*9","7V1",71,"120   "
34,"F-00519","18*25.5*4/6.5","4РМ",27,"60   "
653,"F-00520","26*34*4.5/7","1РМ",333,"60   "
910,"F-00522","28*48.2*8","7V2",300,"95   "
9,"F-00523","14*30.5/38.4*5/11","6V3",339,"95   "
618,"F-00524","25.5*39.5*9","7V1",237,"95   "
575,"F-00524X","25*39.5*8","7V1",150,"95   "
246,"F-00526","22.3*32.2*5/5.7 ","1РМ",225,"60   "
568,"F-00527","25*38.2*10","7V1",329,"95   "
111,"F-00529","19.05*33.3*8/9","1РМA",320,"60   "
538,"F-00530","25*36*5/5.5","1РМ",300,"60   "
173,"F-00531","20.6*41.2*6.5/8","1РМ",76,"60   "
160,"F-00531X","20*41.3*6.5/9","1РМ",30,"95   "
105,"F-00533","19*30*7/8","1РМ",212,"35   "
586,"F-00534","25*41.5*7.5 ","7V2",129,"95   "
585,"F-00534A","25*41.2*8 ","7V1",300,"95   "
587,"F-00534M","25*41.5*8","7V1",113,"95   "
500,"F-00534X","24.5*41.5*7.5 ","7V1",111,"120   "
499,"F-00534XA","24.5*41.2*7.5 ","7V1",61,"120   "
678,"F-00535","26*38/40*8.5/17.7 ","6V2MA",454,"95   "
617,"F-00535X","25.5*38/40*8.5/17.7","6V2MA",48,"120   "
971,"F-00537","30*42*15/17","7V3",298,"95   "
939,"F-00537X","29.5*42*15/17","7V3",131,"120   "
922,"F-00537XX","29*42*15/17","7V3",75,"120   "
972,"F-00539","30*42*8","7V2",329,"95   "
973,"F-00539M","30*42*8","7V1",263,"95   "
941,"F-00539X","29.5*42*8","7V2",277,"120   "
940,"F-00539XM","29.5*42*8","7V1",499,"120   "
830,"F-00540","27.7*42.5*8.5","7V1",300,"95   "
763,"F-00540X","27*42.5*8.5","7V1",76,"120   "
725,"F-00540XX","26.5*42.5*8","7V1",469,"120   "
675,"F-00541","26*38*8.5 ","7V1",125,"95   "
612,"F-00541X","25.5*38*8.5","7V2",79,"120   "
694,"F-00542","26*43*8","7V2",0,"95   "
695,"F-00542A","26*43*8","7V2",59,"95   "
697,"F-00542M","26*43*8.5 ","7V1",185,"95   "
633,"F-00542X","25.5*43*8","7V2",48,"120   "
421,"F-00543","24*38.2*8","7V1",150,"95   "
342,"F-00543X","23.5*38.2*8.5","7V1",47,"120   "
700,"F-00544","26*44*8 ","7V1",80,"95   "
706,"F-00544A","26*44.5*8.5 ","7V1",212,"95   "
636,"F-00544X","25.5*44*8.5","7V1",28,"120   "
676,"F-00545","26*38*8.5 ","7V2",78,"95   "
670,"F-00545M","26*38*8.5","7V1",125,"95   "
884,"F-00546","28*40*8 ","7V2",238,"95   "
885,"F-00546M","28*40*8 ","7V1",145,"95   "
798,"F-00546Х","27.5*40*8","7V1",54,"120   "
177,"F-00547","21*34*9","7V1",43,"95   "
168,"F-00547X","20.5*34*9","7V1",66,"120   "
879,"F-00548","28*40*6/6.5 ","1РМ",50,"60   "
1126,"F-00549","52*66*5.5","7V2",28,"200   "
16,"F-00555","16*30*6.3","1РМA",90,"60   "
24,"F-00556","17*29.9*7","1РМ",461,"60   "
136,"F-00558","20*30*5/6","1РМ",400,"35   "
127,"F-00558X","19.5*30*5/6","1РМ",48,"60   "
1128,"F-00559","56*70*5.5","7V2",50,"200   "
1080,"F-00560","32*50*8.5","7V1",370,"95   "
1047,"F-00560X","31.5*50*8.5","7V1",208,"120   "
1033,"F-00560XX","31*50*8.5","7V1",49,"120   "
118,"F-00561","19.05*34.6*6.3/7.3","1РМ",250,"35   "
62,"F-00561X","18.5*34.6*6.3/7.3","1РМ",0,"60   "
151,"F-00562","20*35.6*6/7.7","1РМ",435,"60   "
1064,"F-00569","32*44.5*5.5/7","7V3",90,"95   "
1040,"F-00569X","31.5*44.5*6.5","7V3",164,"120   "
180,"F-00576","21*35.5*6.2/7","1РМ",40,"95   "
1083,"F-00581","32*52.2*10","7V1",156,"95   "
1050,"F-00581X","31.5*52.2*10","7V1",83,"120   "
1032,"F-00582","31*47.7*7.4","7V1",230,"95   "
686,"F-00583","26*41.5*8.5","7V1",140,"95   "
856,"F-00584","28*38*15/17","7V3",165,"95   "
788,"F-00584X","27.5*38*15","7V1",25,"120   "
1005,"F-00585","30*49.7*10/13","7V3",0,"95   "
962,"F-00585X","29.5*49.7*10/13","7V3",84,"120   "
23,"F-00586","17*29*8","1РМA",456,"60   "
1021,"F-00587","31*43*7","7V2",250,"95   "
1022,"F-00587M","31*43*7","7V1",428,"95   "
1013,"F-00587X","30.5*43*7","7V1",486,"120   "
989,"F-00587XX","30*43*7","7V1",1,"120   "
1020,"F-00588","31*43*15","7V2",492,"95   "
1012,"F-00588X","30.5*43*15","7V2",74,"120   "
986,"F-00588XX","30*43*15","7V2",73,"120   "
857,"F-00589","28*38*6.5 ","7V2",174,"95   "
869,"F-00589A","28*38*8 ","7V1",161,"95   "
872,"F-00589AM","28*38.5*7","7V1",34,"120   "
866,"F-00589M","28*38*7 ","7V1",170,"95   "
791,"F-00589X","27.5*38*8","7V1",120,"120   "
748,"F-00589XX","27*38*7","7V1",85,"120   "
744,"F-00589XX","27*38*8","7V2",45,"95   "
313,"F-00590","23.3*37.5*5.5","0M",246,"60   "
685,"F-00592","26*41*8.5 ","7V1",85,"95   "
621,"F-00592X","25.5*41*8.5","7V1",214,"120   "
983,"F-00593","30*42.8*6.3","7V2",45,"95   "
945,"F-00593X","29.5*42.5*8","7V1",75,"120   "
11,"F-00597","15*28*6.3","1РМA",140,"60   "
462,"F-00599","24*43*8.5 ","7V1",217,"95   "
366,"F-00599X","23.5*43*8.5","7V1",63,"120   "
84,"F-00600","19*32*6/7","1РМ",280,"35   "
59,"F-00600X","18.5*32*6/7","1РМ",74,"60   "
393,"F-00601","24*36/37*8.5/17.7","6V2MA",170,"95   "
331,"F-00601X","23.5*36/37*8.5/17.7 ","6V2MA",0,"120   "
569,"F-00604","25*38.5/44.2*7/12.5","6V2",271,"95   "
176,"F-00605","21*33*8/5.5","1РМ",316,"60   "
104,"F-00607","19.05*30*5/5.7 ","1РМ",867,"35   "
4,"F-00608","11.7*22*6/8.5","1РМ2",350,"60   "
149,"F-00609","20*35*7","1РМ",121,"60   "
417,"F-00612","24*38*8","7V1",184,"95   "
339,"F-00612X","23.5*38*8","7V1",64,"120   "
520,"F-00613","25*33/37.5*6.7/8","6V2",136,"95   "
81,"F-00619","19*30*7/8","1РМ",230,"35   "
1011,"F-00622","30*54.5*8","7V1",787,"95   "
966,"F-00622X ","29.5*54.5*8","7V1",481,"120   "
935,"F-00622XX","29*54.5*8 ","7V1",49,"120   "
838,"F-00624","27.7*46*13/14","7V1PM",90,"95   "
774,"F-00624X","27*46*13/14","7V1PM",100,"120   "
536,"F-00631","25*35*7 ","0M2",0,"95   "
38,"F-00632","18*30*6","1РМ",84,"35   "
914,"F-00633","28.5*43*6.5 ","0M",130,"60   "
1129,"F-00635A","60*74*8.5","7V1",176,"250   "
1127,"F-00639","52*66*5.5","7V2",33,"200   "
150,"F-00640","20*35*7","1РМ",126,"60   "
122,"F-00641","19.05*36*7","1РМA",173,"60   "
276,"F-00642","23*34.3/38*3.2/7.4","6V2",80,"95   "
254,"F-00642X","22.5*34.3/38*4.3/8","6V1",29,"120   "
217,"F-00642XX","22*34.3/38*4.3/8","6V2",48,"120   "
1076,"F-00644","32*47.5*10/11","7V1PM",6,"95   "
1122,"F-00647","38*52.6*6.4","0M",271,"95   "
47,"F-00648","18*30*7/8","1РМ",68,"35   "
376,"F-00651","24*35*8.5 ","7V1",215,"95   "
320,"F-00651X","23.5*35*8.5","7V1",66,"120   "
400,"F-00652","24*37*8","7V1",200,"95   "
335,"F-00652X","23.5*37*8.5","7V1",80,"120   "
554,"F-00653","25*37.8*6.5","7V1",185,"95   "
486,"F-00653X","24.5*37.8*7 ","7V1",238,"120   "
64,"F-00657","18.7*35*7/7.8","1РМ",180,"35   "
573,"F-00658","25*39.3*10/12.6","7V3",158,"95   "
161,"F-00659","20*41.3*6.5/9","1РМ",80,"95   "
591,"F-00661","25*42.5*12.5","7V3",160,"95   "
592,"F-00661M","25*42.5*12.5","7V1",53,"95   "
886,"F-00662","28*40*8 ","7V2",310,"95   "
887,"F-00662M","28*40*8 ","7V1",145,"95   "
799,"F-00662Х","27.5*40*8","7V1",49,"120   "
137,"F-00663","20*30*5/6","1РМ",400,"35   "
128,"F-00663X","19.5*30*5/6","1РМ",33,"60   "
143,"F-00666","20*30*7","1РМ",80,"35   "
171,"F-00667 ","20.6*41.2*6.3","0M",100,"60   "
162,"F-00667X","20*41.3*6.5/9","1РМ",30,"95   "
440,"F-00668","24*40*8","7V1",80,"95   "
354,"F-00668X","23.5*40*8","7V1",98,"120   "
584,"F-00669","25*41*8.5 ","7V1",100,"95   "
498,"F-00669X","24.5*41*9","7V1",0,"120   "
227,"F-00670","22*35*8.5","7V1",136,"95   "
231,"F-00670A","22*36*8","7V1",54,"120   "
192,"F-00670AX","21.5*36*8","7V1",49,"120   "
188,"F-00670X","21.5*35*8.5","7V1",11,"120   "
777,"F-00671","27*46*8.5","7V1",160,"95   "
734,"F-00671X","26.5*46*8.5","7V1",0,"120   "
241,"F-00672","22*38.2*8","7V1",70,"95   "
199,"F-00672X","21.5*38.2*9","7V1",8,"120   "
932,"F-00673","29*43*7","0M",167,"60   "
918,"F-00673X","28.8*43*6.5 ","0M",155,"120   "
664,"F-00675","26*37*7 ","0M",66,"60   "
113,"F-00677","19.05*34.6*4.4/5.9","1РМ",55,"35   "
1072,"F-00678","32*44/45*8.5/18.7","6V2MA",263,"95   "
1043,"F-00678X","31.5*44/45*8.5/18.7","6V2MA",77,"120   "
207,"F-00680","22*32*5/5.5","1РМ",150,"60   "
138,"F-00681","20*30*5/6","1РМ",400,"35   "
129,"F-00681X","19.5*30*5/6","1РМ",54,"60   "
850,"F-00682","28*37*5 ","0M",85,"60   "
730,"F-00683","26.5*44*8","7V1",59,"95   "
701,"F-00683X","26*44*8 ","7V1",97,"95   "
32,"F-00687","17*36*6.6","0MA",150,"95   "
114,"F-00688","19.05*34.6*4.4/5.9","1РМ",55,"35   "
17,"F-00689","16*30*6.3","1РМA",90,"60   "
679,"F-00694","26*39.5*8.5","7V1",223,"95   "
687,"F-00695","26*41.5*8.5","7V1",139,"95   "
530,"F-00696","25*35*6/6.5 ","1РМ",160,"60   "
831,"F-00697","27.7*44*13/14","7V1PM",160,"95   "
817,"F-00698","27.7*40*8.5 ","7V1",244,"95   "
755,"F-00698X","27*40*8.5","7V1",55,"95   "
984,"F-00704","30*42/44*8.5/15","6V2MA",170,"95   "
898,"F-00706","28*43/47.5*5/11.8","6V2",310,"95   "
806,"F-00706X","27.5*43/47.5*6/12.8","6V2",298,"120   "
897,"F-00709","28*43*9","7V1",300,"95   "
463,"F-00712","24*44.3*8.5","7V1",191,"95   "
542,"F-00713","25*37*9 ","7V1",180,"95   "
475,"F-00713X","24.5*37*7","7V1",188,"120   "
599,"F-00714","25*43*9 ","7V1",100,"95   "
505,"F-00714X","24.5*43*9","7V1",74,"120   "
422,"F-00716","24*38.2*8","7V1",150,"95   "
343,"F-00716X","23.5*38.2*8.5","7V1",92,"120   "
434,"F-00717","24*39.5*7","7V1",296,"95   "
1006,"F-00718 ","30*50*10","7V1",321,"95   "
963,"F-00718X","29.5*50*10","7V1",52,"120   "
999,"F-00719","30*47*8.5 ","7V1",155,"95   "
957,"F-00719X","29.5*47*8.5","7V1",235,"120   "
172,"F-00720","20.6*41.2*6.3","0M",85,"60   "
540,"F-00721 ","25*37*6/6.5","1PM",52,"60   "
529,"F-00724","25*35*4/6.5","4V2",270,"95   "
471,"F-00724X","24.5*35*4/6.5","4V2",20,"120   "
992,"F-00725","30*45.5*10/12.7","7V3",72,"95   "
952,"F-00725X","29.5*45.5*10/12.7","7V3",84,"120   "
7,"F-00726","12*38*10","7V2",322,"95   "
967,"F-00727","30*40*3.5/6.5","4V2",56,"95   "
909,"F-00729","28*48*10","7V1",83,"95   "
577,"F-00731","25*40*10","0M2",34,"95   "
814,"F-00734","27.7*36.4/39.3*13.9/16.9","4A",441,"95   "
751,"F-00734X","27*36.4/39.3*13.9/16.9","4A",496,"120   "
815,"F-00735","27.7*39.6*20.25","7V1",250,"95   "
752,"F-00735X","27*39.6*20.25","7V1",76,"120   "
1067,"F-00737","32*44.5*6.5","7V2",189,"95   "
1068,"F-00737M","32*44.5*6.5","7V1",202,"95   "
1041,"F-00737X","31.5*44.5*6.5","7V3",163,"120   "
379,"F-00738","24*35/39*9/13.7","6V2",50,"95   "
269,"F-00739","23*32.5*6/8","4V2",170,"95   "
250,"F-00739X","22.5*32.5*6/8","4V2",6,"120   "
77,"F-00740","19*30*5/6.5 ","1РМ",320,"35   "
51,"F-00741","18*32*8","1РМA",54,"60   "
1089,"F-00742","32.7*42.7*6.7","0M",291,"95   "
893,"F-00743","28*41*8","7V1",116,"95   "
803,"F-00743X","27.5*41*8.5","7V1",23,"120   "
12,"F-00744","15*28*6.3","1РМA",140,"60   "
1084,"F-00745","32*52.2*10","7V1",144,"95   "
1051,"F-00745X","31.5*52.2*10","7V1",81,"120   "
245,"F-00748","22.2*31.75*6/7.5","1РМ",52,"60   "
888,"F-00749","28*40*8 ","7V1",145,"95   "
800,"F-00749Х","27.5*40*8","7V1",38,"120   "
906,"F-00750","28*46*8.5","7V1",170,"95   "
841,"F-00751","27.7*46*9/10","7V1PM",219,"95   "
907,"F-00752","28*46*8.5","7V1",170,"95   "
778,"F-00752XX","27*46*8.5 ","7V2",66,"120   "
874,"F-00754","28*39*15","6V2MA",250,"95   "
794,"F-00754X","27.5*39*15","6V2MA",73,"120   "
1007,"F-00755","30*50*10","7V2",156,"95   "
964,"F-00755X","29.5*50*10","7V1",47,"120   "
934,"F-00755XX","29*50*10","7V1",49,"120   "
997,"F-00756","30*47*8.5","7V1",155,"95   "
958,"F-00756X","29.5*47*8.5","7V2",52,"120   "
308,"F-00758","23.3*29.8*4.5","0M",200,"60   "
208,"F-00759","22*32*5/5.5","1РМ",150,"60   "
981,"F-00762","30*42.5/49*7.4/10.9","6V2",110,"95   "
949,"F-00762X","29.5*42.5/49*7.4/10.9 ","6V2",13,"120   "
930,"F-00762XX","29*42.5/49*7.4/10.9","6V2",19,"120   "
516,"F-00764","24.97*37.54/41.24*4.2/7.4","6V2",95,"95   "
484,"F-00764X","24.5*37.54/41.24*4.2/7.4 ","6V2",34,"120   "
413,"F-00764XX","24*37.7/41.3*4.2/7.4","6V2",42,"120   "
812,"F-00765","27.7*38*8 ","7V1",190,"95   "
745,"F-00765X","27*38*7","7V1",85,"120   "
837,"F-00766","27.7*45*8.5","7V1",120,"95   "
771,"F-00766X","27*45*8.5","7V1",56,"120   "
80,"F-00769","19*30*7","1РМ",113,"35   "
41,"F-00771","18*30*7","1РМ",120,"35   "
85,"F-00779","19*32*6/7","1РМ",280,"35   "
60,"F-00779X","18.5*32*6/7","1РМ",35,"60   "
711,"F-00780","26*45.5*8.5","7V1",47,"95   "
643,"F-00780X","25.5*45.5*8.5","7V1",64,"120   "
33,"F-00781X","17.5*30*5/5.7 ","1РМ",37,"60   "
39,"F-00782","18*30*6","1РМ",57,"35   "
377,"F-00783","24*35*8.5 ","7V1",215,"95   "
321,"F-00783X ","23.5*35*8.5","7V1",66,"120   "
605,"F-00788","25*47*7 ","0M",120,"60   "
212,"F-00796 ","22*34*8","7V1",158,"95   "
183,"F-00796X","21.5*34*8 ","7V1",74,"120   "
242,"F-00797","22*38.2*8","7V1",67,"95   "
200,"F-00797X","21.5*38.2*9","7V1",5,"120   "
991,"F-00800","30*44*8.5","7V1",277,"95   "
951,"F-00800X","29.5*44*8.5","7V1",63,"120   "
1001,"F-00801","30*48*8","7V1",190,"95   "
960,"F-00801X","29.5*48*8.5","7V1",94,"120   "
1077,"F-00803","32*47.5*10/11","7V1PM",6,"95   "
1123,"F-00804","41*57.3*9","7V2",41,"200   "
228,"F-00806","22*35*9/10","7V1PM",43,"95   "
189,"F-00806X","21.5*35*9/10","7V1PM",43,"120   "
234,"F-00807","22*38.2*13/14 ","7V1PM",40,"95   "
194,"F-00807X","21.5*38.2*13/14","7V1PM",40,"120   "
602,"F-00808","25*45*10/11.5","7V1PM",124,"95   "
818,"F-00809","27.7*40*9/10","7V1PM",133,"95   "
842,"F-00810","27.7*48*9/10","7V1PM",225,"95   "
783,"F-00810X","27*48*9/10","7V1PM",246,"120   "
742,"F-00811","27*38*6.5","0M",281,"60   "
677,"F-00812","26*38*9.5/10.5","7V1PM",17,"95   "
704,"F-00813","26*44*9/10","7V1PM",11,"95   "
637,"F-00813X","25.5*44*8.5","7V1",26,"120   "
895,"F-00814","28*41*8 ","7V1",115,"95   "
820,"F-00814X","27.7*41*8.5 ","7V1",408,"120   "
902,"F-00816","28*44.5*9","7V1",186,"95   "
809,"F-00817","27.7*37.3*6.5","0M",45,"60   "
457,"F-00818","24*42.5*8.5","7V1",166,"95   "
578,"F-00819","25*40*10","0M2",45,"95   "
315,"F-00820","23.5*32.5*5.3/6","1РМ",125,"60   "
756,"F-00821","27*40*8.5","7V1",55,"95   "
721,"F-00821X","26.5*40*8.5","7V1",150,"120   "
779,"F-00825","27*46*8.5 ","7V1",160,"95   "
735,"F-00825X","26.5*46*8.5","7V1",0,"120   "
719,"F-00826","26*50*8.5","7V1",39,"95   "
651,"F-00826X","25.5*50*8.5","7V1",74,"120   "
607,"F-00826XX","25*50*8.5","7V1",55,"120   "
1085,"F-00827","32*53*8.5","7V1",353,"95   "
1052,"F-00827X","31.5*53*8.5","7V1",166,"120   "
1037,"F-00827XX","31*53*8.5","7V2",61,"120   "
423,"F-00829","24*38.2*8","7V1",150,"95   "
340,"F-00829X","23.5*38*8","7V1",98,"120   "
401,"F-00830","24*37*8","7V1",200,"95   "
336,"F-00830X","23.5*37*8.5","7V1",80,"120   "
378,"F-00831","24*35*8.5 ","7V1",215,"95   "
322,"F-00831X","23.5*35*8.5","7V1",66,"120   "
710,"F-00832","26*45*8.5","7V1",215,"95   "
642,"F-00832X","25.5*45*8","7V1",292,"120   "
390,"F-00833","24*36.5*8.5","7V1",257,"95   "
326,"F-00833X","23.5*36.5*8","7V1",109,"120   "
870,"F-00835","28*38.3*7.5 ","1РМ",482,"60   "
314,"F-00837","23.5*32.5*5.3/6","1РМ",125,"60   "
773,"F-00838","27*45.5*10/12.7","7V3",67,"95   "
733,"F-00838X","26.5*45.5*10/12.7","7V3",84,"120   "
757,"F-00839","27*40*8.5","7V1",55,"95   "
722,"F-00839X","26.5*40*8.5","7V1",150,"120   "
903,"F-00843","28*44.5*9","7V1",169,"95   "
547,"F-00844","25*37.54*7","7V1",190,"95   "
834,"F-00847","27.7*44*9/10","7V1PM",175,"95   "
766,"F-00847X","27*44*9/10","7V1PM",29,"120   "
97,"F-00849","19*34.6*6.3/7.3","1РМ",250,"35   "
988,"F-00850","30*43*6.5","0M",138,"95   "
42,"F-00855","18*30*7","1РМ",120,"35   "
1088,"F-00857","32*56*9","7V1",15,"95   "
1054,"F-00857X","31.5*56*9","7V1",85,"120   "
720,"F-00859","26.5*37*3.5/7","0M",463,"60   "
603,"F-00860","25*45*10/11.5","7V1PM",115,"95   "
267,"F-00865","23*29.8*4.5","0M",213,"60   "
116,"F-00868","19.05*34.6*6.2/9.2","1РМ",150,"35   "
900,"F-00869","28*44*7","7V1",270,"95   "
807,"F-00869X","27.5*44*7","7V1",141,"120   "
828,"F-00871","27.7*42*9/10","7V1PM",92,"95   "
839,"F-00872","27.7*46*13/14","7V1PM",90,"95   "
775,"F-00872X","27*46*13/14","7V1PM",100,"120   "
759,"F-00877","27*41*8.5","7V1",36,"95   "
724,"F-00877X","26.5*41*8.5","7V2",350,"120   "
449,"F-00878","24*41.2*8.5 ","7V2",180,"95   "
450,"F-00878M","24*41.2*8.5 ","7V1",127,"95   "
359,"F-00878X","23.5*41*8.5 ","7V2",85,"120   "
1071,"F-00880","32*44.5*8.5","7V1",145,"95   "
1056,"F-00880X","31.7*44.5*8","7V1",682,"120   "
1016,"F-00880XX","30.5*44.5*8.5","7V1",85,"120   "
713,"F-00881","26*46*8","7V1",145,"95   "
645,"F-00881X","25.5*46*8","7V1",16,"120   "
144,"F-00884","20*30*7","7V2",212,"35   "
101,"F-00886","19*37*6.5/8","1РМ",125,"60   "
139,"F-00887","20*30*5/6","1РМ",400,"35   "
130,"F-00887X","19.5*30*5/6","1РМ",37,"60   "
225,"F-00889","22*35*7","0M",7,"60   "
209,"F-00890","22*32*5/5.5","1РМ",150,"60   "
18,"F-00894","16*30*6.3","1РМA",90,"60   "
115,"F-00895","19.05*34.6*4.4/5.9","1РМ",55,"35   "
832,"F-00899","27.7*44*13/14","7V1PM",160,"95   "
819,"F-00900","27.7*40*9/10","7V1PM",162,"95   "
265,"F-00901","22.8*33.5*6","7V2",4,"95   "
1081,"F-00902","32*50*8.5","7V1",200,"95   "
1082,"F-00902A","32*50*8.5","7V2",79,"95   "
1048,"F-00902X","31.5*50*8.5","7V1",153,"120   "
1049,"F-00902XA","31.5*50*8.5","7V2",80,"120   "
1090,"F-00908","33*46*7","0M",246,"95   "
1036,"F-00910","31*52*8","7V1",14,"95   "
1019,"F-00910X","30.5*52*8 ","7V1",77,"120   "
517,"F-00911","24.97*37.54/41.24*4.2/7.4","6V2",95,"95   "
485,"F-00911X","24.5*37.54/41.24*4.2/7.4 ","6V2",18,"120   "
414,"F-00911XX","24*37.7/41.3*4.2/7.4","6V2",53,"120   "
824,"F-00914","27.7*42*8.5","7V1",28,"95   "
760,"F-00914X","27*42*8.5","7V1",105,"120   "
124,"F-00915","19.05*37*6.5/8","1РМ",120,"60   "
288,"F-00916","23*35*6.5","0M",231,"60   "
451,"F-00917","24*41.2*8.5 ","7V1",274,"95   "
358,"F-00917X","23.5*41*8.5","7V1",148,"120   "
435,"F-00919","24*39/44*8.5/20.5","7V2",6,"95   "
349,"F-00919X","23.5*39/44*8.5/20.5 ","7V2",14,"120   "
731,"F-00922","26.5*44*8","7V1",31,"95   "
702,"F-00922X","26*44*8 ","7V1",79,"95   "
671,"F-00923","26*38*8.5","7V1",125,"95   "
613,"F-00923X","25.5*38*8.5","7V1",122,"120   "
302,"F-00926","23*41*8.5","7V1",120,"95   "
264,"F-00926X","22.5*41*8.5","7V1",15,"120   "
316,"F-00927","23.5*32.5*5.3/6","1РМ",125,"60   "
715,"F-00930","26*47*8.5","7V1",220,"95   "
647,"F-00930X","25.5*47*8.5","7V1",26,"120   "
782,"F-00931","27*47*9","7V1",151,"95   "
738,"F-00931X","26.5*47*9","7V1",48,"120   "
1028,"F-00932","31*44.5*8.5","7V2",58,"120   "
337,"F-00933","23.5*37*8.5","7V1",80,"120   "
688,"F-00934","26*42*8","7V1",200,"95   "
624,"F-00934X","25.5*42*8.5","7V1",89,"120   "
580,"F-00935","25*40*8.5","7V1",295,"95   "
496,"F-00935X","24.5*40*8","7V1",8,"120   "
247,"F-00938","22.3*32.2*5/5.7 ","1РМ",177,"60   "
1109,"F-00939","35*53*9","7V1",190,"95   "
1099,"F-00939X","34.5*53*8","7V1",15,"120   "
1093,"F-00939XX","34*53*8","7V2",118,"120   "
833,"F-00940","27.7*44*8.5","7V1",323,"95   "
467,"F-00941","24*50*9","7V1",34,"95   "
368,"F-00941X","23.5*50*9","7V1",82,"120   "
877,"F-00943","28*40*4/6","4V2",310,"95   "
229,"F-00948","22*35*9/10","7V1PM",27,"95   "
190,"F-00948X","21.5*35*9/10","7V1PM",27,"120   "
235,"F-00949","22*38.2*13/14 ","7V1PM",17,"95   "
195,"F-00949X","21.5*38.2*13/14","7V1PM",38,"120   "
829,"F-00950","27.7*42*9/10","7V1PM",143,"95   "
840,"F-00951","27.7*46*13/14","7V1PM",90,"95   "
776,"F-00951X","27*46*13/14","7V1PM",100,"120   "
698,"F-00952","26*43*8.5 ","7V1",185,"95   "
634,"F-00952X","25.5*43*8","7V1",124,"120   "
49,"F-00959","18*32*7","1РМ",95,"35   "
825,"F-00960","27.7*42*8.5","7V1",48,"95   "
761,"F-00960X","27*42*8.5","7V1",130,"120   "
896,"F-00961","28*42*8.5","7V1",253,"95   "
804,"F-00961X","27.5*42*8.5","7V1",87,"120   "
826,"F-00962","27.7*42*8.5","7V1",33,"95   "
458,"F-00965","24*42.5*9/10","7V1PM",276,"95   "
364,"F-00965X","23.5*42.5*9/10","7V1PM",47,"120   "
391,"F-00966","24*36.5*9/10 ","7V1PM",70,"95   "
328,"F-00966X","23.5*36.5*9/10","7V1PM",51,"120   "
844,"F-00970","27.7*50*9/10","7V1PM",136,"95   "
785,"F-00970X","27*50*9/10","7V1PM",42,"120   "
1078,"F-00973","32*47.5*10/11","7V1PM",6,"95   "
20,"F-00976","16.9*27*5/6 ","1РМ",53,"35   "
140,"F-00978","20*30*5/6","1РМ",400,"35   "
131,"F-00978X","19.5*30*5/6","1РМ",52,"60   "
851,"F-00979","28*37*5 ","0M",85,"60   "
933,"F-00980","29*43*7","0M",170,"60   "
919,"F-00980X","28.8*43*6.5 ","0M",155,"120   "
862,"F-00981","28*38*7","0M",150,"60   "
863,"F-00981M","28*38*7","7V1",170,"95   "
35,"F-00982","18*25.5*4/6.5","4РМ",23,"60   "
441,"F-00983","24*40*8","7V1",80,"95   "
355,"F-00983X","23.5*40*8","7V1",89,"120   "
1103,"F-00984","35*46*7 ","0M",69,"95   "
810,"F-00985","27.7*37.3*6.5","0M",37,"60   "
780,"F-00986","27*46*8.5 ","7V1",160,"95   "
736,"F-00986X","26.5*46*8.5","7V1",0,"120   "
1110,"F-00988","35*53*9","7V1",190,"95   "
1100,"F-00988X","34.5*53*8","7V1",28,"120   "
1094,"F-00988XX","34*53*8","7V2",119,"120   "
716,"F-00990","26*47*8.5","7V1",220,"95   "
648,"F-00990X","25.5*47*8.5","7V1",24,"120   "
75,"F-00993","19*30*5/5.7","1РМ",704,"35   "
69,"F-00993X","18.9*30*5","1РМ",183,"35   "
705,"F-00994","26*44*9/10","7V1PM",1,"95   "
638,"F-00994X","25.5*44*8.5","7V1",43,"120   "
845,"F-00996","27.7*50*9/10","7V1PM",150,"95   "
786,"F-00996X","27*50*9/10","7V1PM",39,"120   "
1061,"F-01002","32*43*5","0M",450,"95   "
1073,"F-01003","32*45.5*7","7V2",108,"95   "
1087,"F-01006","32*55*12/15","7V3",210,"95   "
1053,"F-01006X","31.5*55*12/15 ","7V3",84,"120   "
442,"F-01009","24*40*8","7V1",80,"95   "
356,"F-01009X","23.5*40*8","7V1",80,"120   "
221,"F-01010","22*35*6/7","1PM",69,"60   "
426,"F-01018","24*38.5*9/10 ","7V1PM",39,"95   "
345,"F-01018X","23.5*38.5*9/10","7V1PM",22,"120   "
717,"F-01019","26*48*8.5","7V1",50,"95   "
649,"F-01019X","25.5*48*8.5","7V1",28,"120   "
387,"F-01021","24*36.5*7.5 ","7V1",65,"95   "
327,"F-01021X","23.5*36.5*8","7V1",99,"120   "
901,"F-01023","28*44*7","7V1",270,"95   "
808,"F-01023X","27.5*44*7","7V1",127,"120   "
854,"F-01024","28*37.6*6","0M",10,"60   "
769,"F-01028","27*45*10/12.5","7V3",68,"95   "
732,"F-01028X","26.5*45*10/12.5","7V3",67,"120   "
768,"F-01029","27*45*10 ","7V1",303,"95   "
1034,"F-01030","31*51*8.5","7V1",135,"95   "
1017,"F-01030X","30.5*51*8","7V1",42,"120   "
965,"F-01030XX","29.5*51*8.5","7V1",80,"120   "
1120,"F-01037","38*51*8","7V1",260,"95   "
1118,"F-01037X","37.5*51*8","7V1",26,"120   "
1116,"F-01037XX","37*51*8","7V1",128,"120   "
424,"F-01039","24*38.2*8","7V1",150,"95   "
418,"F-01039A","24*38.2*10.5","7V2",31,"95   "
344,"F-01039X","23.5*38.2*8.5","7V1",95,"120   "
552,"F-01042","25*37.54/41.24*4.5/9.5","6V1",19,"95   "
1086,"F-01043","32*54*9/10","7V1PM",334,"95   "
631,"F-01044","25.5*42.5*8","7V1",16,"120   "
835,"F-01045","27.7*44*9/10","7V1PM",175,"95   "
767,"F-01045X","27*44*9/10","7V1PM",28,"120   "
562,"F-01046","25*38*7 ","7V2",34,"95   "
558,"F-01046M","25*38*6.3","7V1",165,"95   "
867,"F-01048","28*38*7 ","7V1",170,"95   "
792,"F-01048X","27.5*38*8","7V1",87,"120   "
746,"F-01048XX","27*38*7","7V1",85,"120   "
985,"F-01050","30*42/44*8.5/15","6V2MA",138,"95   "
950,"F-01050X","29.5*42/44*8.5/15","6V2MA",76,"120   "
90,"F-01051","19*32*7/7.8","1PM",170,"35   "
91,"F-01052","19*32*7/7.8","1PM",170,"35   "
781,"F-01054","27*46*8.5 ","7V1",160,"95   "
737,"F-01054X","26.5*46*8.5","7V1",0,"120   "
1107,"F-01062","35*50*8","7V2",1,"95   "
1108,"F-01062M","35*50*8","7V1",200,"95   "
1098,"F-01062X","34.5*50*8","7V1",18,"120   "
1092,"F-01062XX","34*50*8","7V1",118,"120   "
1003,"F-01063","30*48*8 ","7V1",190,"95   "
961,"F-01063X","29.5*48*8.5","7V1",68,"120   "
309,"F-01065","23.3*29.8*4.5","0M",200,"60   "
923,"F-01066","29*42*8.5","7V1",33,"95   "
924,"F-01069","29*42*8.5","7V1",19,"95   "
911,"F-01069X","28.5*42*8.5","7V1",47,"120   "
110,"F-01071","19.05*33.3*8","1РМA",75,"60   "
86,"F-01072","19*32*6/7","1PM",280,"35   "
61,"F-01072X","18.5*32*6/7","1РМ",70,"60   "
1102,"F-01085","35*45*6.5 ",12,44,"95   "
1125,"F-01087","44.5*58.5*8.5/9","7V1PM",69,"200   "
1124,"F-01089","41*57.3*9","7V2",31,"200   "
904,"F-01090","28*45*8.5","7V1",295,"95   "
772,"F-01090XX","27*45*8.5","7V1",42,"120   "
43,"F-01091","18*30*7","1РМ",120,"35   "
431,"F-01092","24*39*8.5 ","7V2",150,"95   "
432,"F-01092M","24*39*8.5 ","7V1",200,"95   "
347,"F-01092X","23.5*39*8.5","7V1",220,"120   "
1075,"F-01095","32*47*8.5","7V1",327,"95   "
1045,"F-01095X","31.5*47*8.5 ","7V1",79,"120   "
1031,"F-01095XX","31*47*8.5","7V1",55,"120   "
465,"F-01096","24*45*12.5","7V1",240,"95   "
466,"F-01099","24*46*8","7V1",233,"95   "
98,"F-01100","19*35*5/5.5","1РМ",290,"35   "
1035,"F-01104","31*51*8.5","7V1",148,"95   "
1018,"F-01104X","30.5*51*8","7V1",37,"120   "
1010,"F-01104XX","30*51*8.5","7V1",42,"120   "
99,"F-01105","19*35*5/5.5","1РМ",290,"35   "
19,"F-01106","16*30*6.3","1РМA",90,"60   "
689,"F-01107","26*42*8","7V1",200,"95   "
625,"F-01107X","25.5*42*8.5","7V1",105,"120   "
444,"F-01117","24*40.3*9/10","7V1PM",195,"95   "
996,"F-01125 ","30*46*8","7V1",108,"95   "
955,"F-01125X","29.5*46*8","7V1",126,"120   "
436,"F-01129","24*39/44*8.5/20.5","7V2",12,"95   "
350,"F-01129X","23.5*39/44*8.5/20.5 ","7V2",19,"120   "
703,"F-01138","26*44*8 ","7V1",85,"95   "
639,"F-01138X","25.5*44*8.5","7V1",25,"120   "
1112,"F-01139","35*61*9","7V1",278,"120   "
67,"F-01140","18.75*30.2*5/7","1РМ",500,"35   "
681,"F-01141","26*40.5*9/10","7V1PM",271,"95   "
1121,"F-01142","38*51*8","7V1",260,"95   "
1119,"F-01142X","37.5*51*8","7V1",20,"120   "
1117,"F-01142XX","37*51*8","7V1",103,"120   "
169,"F-01148","20.6*41*6.3","0M",188,"60   "
464,"F-01150","24*44.3*8.5","7V1",239,"95   "
889,"F-01151","28*40*8 ","7V1",145,"95   "
801,"F-01151Х","27.5*40*8","7V1",26,"120   "
154,"F-01153","20*36*7","1РМ",29,"60   "
718,"F-01154","26*48*8.5","7V1",50,"95   "
650,"F-01154X","25.5*48*8.5","7V1",22,"120   "
370,"F-01157 ","24*33*5","0M",101,"60   "
397,"F-01158","24*37*7","0M",330,"60   "
141,"F-01159","20*30*5/6","1РМ",400,"35   "
132,"F-01159X","19.5*30*5/6","1РМ",50,"60   "
543,"F-01166","25*37*9 ","7V1",180,"95   "
155,"F-01167","20*36*7","1РМ",24,"60   "
672,"F-01170","26*38*8.5","7V1",125,"95   "
614,"F-01170X","25.5*38*8.5","7V1",126,"120   "
564,"F-01173","25*38*7/8","1PM",150,"60   "
555,"F-01175","25*37.8*6.5    ","7V1",185,"95   "
487,"F-01175X","24.5*37.8*7 ","7V1",218,"120   "
714,"F-01176","26*46*8","7V1",145,"95   "
646,"F-01176X","25.5*46*8","7V1",14,"120   "
843,"F-01177","27.7*48*9/10","7V1PM",236,"95   "
784,"F-01177X","27*48*9/10","7V1PM",239,"120   "
1104,"F-01178","35*47*7","7V1",342,"95   "
1096,"F-01178X","34.5*47*7","7V1",67,"120   "
282,"F-01179","23*34.5*6.5","7V2",120,"95   "
286,"F-01179M","23*34.5*8","7V1",125,"95   "
259,"F-01179X","22.5*34.5*6.5","7V1",100,"120   "
553,"F-01222 ","25*37.54/41.24*4.5/9.5","6V1",43,"95   "
1009,"F-01223","30*50*9/10","7V1PM",596,"95   "
