"Product SKU","Product Name","Price","Quantity"
"4290","4290","200","0"
"4289","4289","180","0"
"4288","4288","160","0"
"4287","4287","140","0"
"4286","4286","140","0"
"4285","4285","220","0"
"4284","4284","200","0"
"4283","4283","200","0"
"4282","4282","180","0"
"4281","4281","900","0"
"4280","4280","860","0"
"4279","4279","220","0"
"4278","4278","1240","0"
"4277","4277","660","0"
"4276","4276","620","0"
"4275","4275","240","0"
"4274","4274","80","0"
"4273","4273","140","0"
"4272","4272","140","0"
"4271","4271","80","0"
"4270","4270","580","0"
"4269","4269","120","0"
"4268","4268","120","0"
"4267","4267","160","0"
"4266","4266","80","0"
"4265","4265","100","0"
"4264","4264","80","0"
"4263","4263","100","0"
"4262","4262","100","0"
"4261","4261","80","0"
"4260","4260","80","0"
"4259","4259","100","0"
"4258","4258","120","0"
"4257","4257","860","0"
"4256","4256","220","0"
"4255","4255","100","0"
"4254","4254","220","0"
"4253","4253","580","0"
"4252","4252","160","0"
"4251","4251","180","0"
"4250","4250","340","0"
"4249","4249","200","0"
"4248","4248","100","0"
"4247","4247","80","0"
"4246","4246","140","0"
"4245","4245","160","0"
"4244","4244","140","0"
"4243","4243","280","0"
"4242","4242","220","0"
"4241","4241","200",""
"4240","4240","240","0"
"4239","4239","220","0"
"4238","4238","380","0"
"4237","4237","140","0"
"4236","4236","120","0"
"4235","4235","120","0"
"4234","4234","100","0"
"4233","4233","400","0"
"4232","4232","160","0"
"4231","4231","100","0"
"4230","4230","240","0"
"4229","4229","200","0"
"4228","4228","180","0"
"4227","4227","200","0"
"K-00004","K-00004","700","7"
"K-00003","K-00003","700","7"
"K-00002","K-00002","700","7"
"4226","4226","180","0"
"4225","4225","240","0"
"4224","4224","140","0"
"4223","4223","260","0"
"4222","4222","240","0"
"4221","4221","240","0"
"4220","4220","220","0"
"4219","4219","200","0"
"4218","4218","240","0"
"4217","4217","120","0"
"4216","4216","180","0"
"4215","4215","220","0"
"4214","4214","240","0"
"4213","4213","200","0"
"4212","4212","180","0"
"4211","4211","180","0"
"4210","4210","140","0"
"4209","4209","160","0"
"4208","4208","140","0"
"4207","4207","140","0"
"4206","4206","240","0"
"4205","4205","140","0"
"4204","4204","140","0"
"4203","4203","260","0"
"4202","4202","240","0"
"4201","4201","180","0"
"4200","4200","200","0"
"4199","4199","140","0"
"4198","4198","120","0"
"4197","4197","500","0"
"4196","4196","480","0"
"4195","4195","220","0"
"","4401","",""
"4400","4400","380","0"
"4194","4194","120","0"
"4193","4193","140","0"
"4192","4192","560","0"
"4191","4191","860","0"
"4190","4190","160","0"
"4189","4189","100","0"
"4188","4188","120","0"
"4187","4187","200","0"
"4186","4186","160","0"
"4185","4185","80","0"
"4184","4184","240","0"
"4183","4183","80","0"
"4182","4182","580","0"
"4181","4181","80","0"
"4180","4180","80","0"
"4179","4179","80","0"
"4178","4178","80","0"
"4177","4177","100","0"
"4176","4176","100","0"
"4175","4175","","0"
"4174","4174","160","0"
"4173","4173","220","0"
"4172","4172","180","0"
"4171","4171","80","0"
"4170","4170","100","0"
"4169","4169","140","0"
"4168","4168","140","0"
"4167","4167","220","0"
"4166","4166","1000","0"
"4165","4165","220","0"
"4164","4164","140","0"
"4163","4163","140","0"
"4162","4162","560","0"
"4161","4161","160","0"
"4160","4160","460","0"
"4159","4159","330","0"
"4158","4158","1000","0"
"4157","4157","860","0"
"4156","4156","860","0"
"4155","4155","760","0"
"4154","4154","580","0"
"4153","4153","400","0"
"4152","4152","580","0"
"4151","4151","500","0"
"4150","4150","220","0"
"4149","4149","200","0"
"4148","4148","160","0"
"4147","4147","140","0"
"4146","4146","140","0"
"4145","4145","120","0"
"4144","4144","140","0"
"4143","4143","120","0"
"4142","4142","100","0"
"4141","4141","80","0"
"O-03018","O-03018","40","92"
"4140","4140","120","0"
"4139","4139","100","0"
"4138","4138","80","0"
"4137","4137","80","0"
"4136","4136","80","0"
"4135","4135","80","0"
"4134","4134","80","0"
"4133","4133","500","0"
"4132","4132","1800","0"
"4131","4131","760","0"
"4130","4130","240","0"
"4129","4129","240","0"
"4128","4128","200","0"
"4127","4127","1220","0"
"4126","4126","660","0"
"4125","4125","120","0"
"4124","4124","120","0"
"4123","4123","160","0"
"4122","4122","220","0"
"4121","4121","860","0"
"4120","4120","200","0"
"4119","4119","580","0"
"4118","4118","160","0"
"4117","4117","160","0"
"4116","4116","100","0"
"4115","4115","100","0"
"4114","4114","220","0"
"4113","4113","220","0"
"4112","4112","120","0"
"4111","4111","340","0"
"4110","4110","200","0"
"4109","4109","460","0"
"4108","4108","120","0"
"4107","4107","220","0"
"4106","4106","240","0"
"4105","4105","220","0"
"4104","4104","220","0"
"4103","4103","220","0"
"4102","4102","240","0"
"4101","4101","100","0"
"4100","4100","220","0"
"4099","4099","120","0"
"4098","4098","1000","0"
"4097","4097","100","0"
"4096","4096","160","0"
"4095","4095","560","0"
"4094","4094","160","0"
"4093","4093","140","0"
"4092","4092","160","0"
"4091","4091","140","0"
"4090","4090","120","0"
"4089","4089","140","0"
"4088","4088","100","0"
"4087","4087","160","0"
"O-02003","O-02003","20","24"
"4086","4086","160","0"
"4085","4085","120","0"
"4084","4084","180","0"
"4083","4083","1360","0"
"4082","4082","160","0"
"4081","4081","240","0"
"4080","4080","660","0"
"4079","4079","220","0"
"4078","4078","580","0"
"4077","4077","220","0"
"4076","4076","100",""
"4075","4075","660","0"
"4074","4074","280","0"
"4073","4073","160","0"
"4072","4072","580","0"
"4071","4071","1000","0"
"4070","4070","1360","0"
"4069","4069","1000","0"
"4068","4068","500","0"
"4067","4067","220","0"
"4066","4066","180","0"
"4065","4065","140","0"
"4064","4064","120","0"
"4063","4063","120","0"
"4062","4062","320","0"
"4061","4061","160","0"
"4060","4060","860","0"
"4059","4059","100","0"
"4058","4058","100","0"
"4057","4057","180","0"
"4056","4056","440","0"
"4055","4055","140","0"
"4054","4054","140","0"
"4053","4053","140","0"
"4052","4052","80","0"
"4051","4051","120","0"
"4050","4050","1160","0"
"4049","4049","580","0"
"4048","4048","140","0"
"4047","4047","100","0"
"4046","4046","160","0"
"4045","4045","100","0"
"4044","4044","160","0"
"4043","4043","140","0"
"4042","4042","240","0"
"4041","4041","200","0"
"4040","4040","180","0"
"4039","4039","200","0"
"4038","4038","180","0"
"4037","4037","180","0"
"4036","4036","220","0"
"4035","4035","140","0"
"4034","4034","120","0"
"4033","4033","120","0"
"4032","4032","500","0"
"4031","4031","100","0"
"4030","4030","760","0"
"4029","4029","180","0"
"4028","4028","160","0"
"RK8067","RK8067","1360","17"
"RK8066","RK8066","1460","14"
"RK8065","RK8065","1460","16"
"RK8064","RK8064","1320","11"
"4027","4027","120","0"
"4026","4026","80","0"
"4025","4025","80","0"
"4024","4024","80","0"
"4023","4023","200","0"
"4022","4022","160","0"
"4021","4021","100","0"
"4020","4020","80","0"
"4019","4019","100","0"
"4018","4018","140","0"
"4017","4017","540","0"
"4016","4016","1000","0"
"4015","4015","220","0"
"4014","4014","200","0"
"4013","4013","160","0"
"4012","4012","180","0"
"4011","4011","140","0"
"4010","4010","120","0"
"4009","4009","140","0"
"4008","4008","120","0"
"4007","4007","120","0"
"4006","4006","160","0"
"4005","4005","160","0"
"4004","4004","180","0"
"4003","4003","100","0"
"4002","4002","100","0"
"4001","4001","80","0"
"4000","4000","120","0"
"3999","3999","220","0"
"3998","3998","540","0"
"3997","3997","100","0"
"3996","3996","220","0"
"3995","3995","1160","0"
"3994","3994","320","0"
"3993","3993","240","0"
"3992","3992","540","0"
"3991","3991","660","0"
"3990","3990","580","0"
"3989","3989","","0"
"3988","3988","160","0"
"3987","3987","140","0"
"3986","3986","160","0"
"3985","3985","120","0"
"3984","3984","120","0"
"3983","3983","960","0"
"3982","3982","400","0"
"3981","3981","240","0"
"RK8063","RK8063","1360","21"
"RK8062","RK8062","1340","13"
"RK8061","RK8061","1340","10"
"RK8004","RK8004","1300","8"
"RK8003","RK8003","1300","8"
"RK8002","RK8002","1300","6"
"RK8001","RK8001","1100","4"
"L-10115","L-10115","280","41"
"O-04025","O-04025","80","90"
"O-04024","O-04024","80","92"
"O-04023","O-04023","60","72"
"O-04022","O-04022","60","102"
"O-04021","O-04021","60","95"
"O-04020","O-04020","60","80"
"O-04019","O-04019","60","87"
"O-04018","O-04018","60","111"
"O-04017","O-04017","60","69"
"O-04016","O-04016","60","97"
"O-04015","O-04015","60","53"
"O-04014","O-04014","40","79"
"O-04013","O-04013","40","83"
"O-04012","O-04012","40","73"
"O-04011","O-04011","40","46"
"O-04010","O-04010","40","81"
"O-04009","O-04009","40","98"
"O-04008","O-04008","40","157"
"O-04007","O-04007","40","88"
"O-04006","O-04006","20","102"
"O-04005","O-04005","20","101"
"O-04004","O-04004","20","135"
"O-04003","O-04003","20","214"
"O-04002","O-04002","20","76"
"O-04001","O-04001","20","0"
"K-00006","K-00006","700","7"
"F-01236B","F-01236B","400","17"
"O-02959","O-02959","80","20"
"O-02873A","O-02873A","140","20"
"O-02958","O-02958","80","20"
"O-02873","O-02873","80","20"
"O-02957A","O-02957A","80","20"
"O-03084","O-03084","100","15"
"O-02957","O-02957","80","20"
"O-03043","O-03043","100","20"
"O-02955","O-02955","80","20"
"O-02871A","O-02871A","80","20"
"O-02793","O-02793","60","10"
"O-02907","O-02907","20","19"
"O-02809","O-02809","20","20"
"O-02724","O-02724","20","20"
"O-02621","O-02621","20","20"
"O-02792V","O-02792V","60","20"
"O-02953V","O-02953V","100","20"
"O-02870A","O-02870A","140","20"
"O-02799","O-02799","60","20"
"O-02952","O-02952","60","20"
"O-02952A","O-02952A","60","20"
"O-02879","O-02879","80","20"
"O-02791A","O-02791A","80","20"
"O-02791","O-02791","80","20"
"O-03036","O-03036","100","20"
"O-02951A","O-02951A","80","20"
"O-02789A","O-02789A","60","20"
"O-02949A","O-02949A","60","20"
"O-02869","O-02869","60","20"
"O-02788A","O-02788A","60","20"
"O-02906","O-02906","20","20"
"O-02814","O-02814","20","20"
"O-02711V","O-02711V","20","0"
"O-02618","O-02618","20","20"
"O-02949","O-02949","80","20"
"O-02948A","O-02948A","60","20"
"O-02868","O-02868","80","20"
"O-02787A","O-02787A","80","20"
"O-02789","O-02789","80","20"
"O-02947A","O-02947A","80","20"
"O-02867A","O-02867A","60","20"
"O-02786A","O-02786A","60","20"
"O-02950","O-02950","60","20"
"O-02867","O-02867","60","20"
"O-02786","O-02786","40","20"
"O-02947","O-02947","60","20"
"O-02785A","O-02785A","60","20"
"O-02946A","O-02946A","80","20"
"O-02785","O-02785","60","20"
"O-02946","O-02946","60","8"
"O-02850","O-02850","60","20"
"O-02784A","O-02784A","40","20"
"O-02784","O-02784","80","20"
"O-02945","O-02945","60","20"
"O-02845","O-02845","60","20"
"O-02783A","O-02783A","40","20"
"O-02905","O-02905","20","20"
"O-02805","O-02805","20","4"
"O-02605","O-02605","20","19"
"H-05003","H-05003","200","9"
"H-05002","H-05002","200","10"
"H-05001","H-05001","300","0"
"H-07554","H-07554","720","18"
"H-07553","H-07553","760","17"
"H-07552","H-07552","160","10"
"H-07557","H-07557","160","10"
"H-07576","H-07576","120","10"
"H-07555","H-07555","160","10"
"H-07558","H-07558","160","10"
"H-07549","H-07549","160","10"
"H-07502","H-07502","160","10"
"H-07534","H-07534","120","10"
"J-00505","J-00505","600","19"
"J-00504","J-00504","700","19"
"J-00503","J-00503","500","19"
"J-00502","J-00502","500","12"
"J-00501","J-00501","500","39"
"J-00500","J-00500","220","16"
"L-M6002","L-M6002","300","0"
"L-M6046","L-M6046","200","0"
"L-M6008","L-M6008","100","0"
"L-10123A","L-10123A","220","9"
"L-10014","L-10014","140","3"
"L-10123","L-10123","160","2"
"L-10012","L-10012","180","17"
"L-10037","L-10037","200","25"
"L-10069","L-10069","200","0"
"L-10016","L-10016","400","15"
"L-10089A","L-10089A","100","9"
"L-10089","L-10089","100","16"
"O-03046","O-03046","80","20"
"O-02943A","O-02943A","60","20"
"O-02770","O-02770","40","20"
"O-02782A","O-02782A","60","20"
"O-02864B","O-02864B","60","20"
"O-02782","O-02782","60","20"
"O-02942","O-02942","40","20"
"O-02781A","O-02781A","40","0"
"O-03042","O-03042","80","20"
"L-10029","L-10029","100","7"
"O-02941A","O-02941A","60","20"
"O-02781","O-02781","60","20"
"O-02780A","O-02780A","40","20"
"O-02692","O-02692","60","20"
"O-02940A","O-02940A","40","20"
"O-02863A","O-02863A","60","20"
"O-02779A","O-02779A","60","20"
"O-02939A","O-02939A","60","20"
"O-02862B","O-02862B","40","20"
"O-02779","O-02779","40","20"
"O-02904","O-02904","20","0"
"O-02708","O-02708","20","0"
"O-02615","O-02615","20","20"
"O-02939","O-02939","60","20"
"O-02862A","O-02862A","40","20"
"O-02778A","O-02778A","80","20"
"O-02938A","O-02938A","40","20"
"O-02760","O-02760","60","20"
"O-02938","O-02938","60","20"
"O-02861B","O-02861B","40","20"
"O-02778","O-02778","40","20"
"O-02937A","O-02937A","60","20"
"O-02861A","O-02861A","60","20"
"O-02937","O-02937","40","20"
"O-02777A","O-02777A","40","20"
"O-03045","O-03045","80","20"
"O-02935A","O-02935A","40","20"
"O-02757","O-02757","40","20"
"O-02936A","O-02936A","60","20"
"O-02777","O-02777","40","20"
"O-02936","O-02936","60","20"
"O-02752","O-02752","40","20"
"O-03041","O-03041","60","20"
"O-02934","O-02934","40","20"
"O-02859B","O-02859B","40","20"
"O-02776","O-02776","40","20"
"O-02614","O-02614","20","20"
"O-02802","O-02802","20","19"
"O-02706","O-02706","20","0"
"O-02613","O-02613","20","19"
"O-03039","O-03039","60","20"
"O-02933A","O-02933A","60","20"
"O-02837","O-02837","60","20"
"O-02775A","O-02775A","40","20"
"O-03038","O-03038","60","20"
"O-02933","O-02933","40","20"
"O-02859A","O-02859A","40","20"
"O-02750","O-02750","40","20"
"O-03037","O-03037","60","20"
"O-02932A","O-02932A","40","20"
"O-02859","O-02859","40","20"
"O-02775","O-02775","40","185"
"O-02677","O-02677","40","20"
"O-02932","O-02932","40","20"
"O-02748","O-02748","40","20"
"O-03035","O-03035","60","20"
"O-02747","O-02747","40","20"
"O-02675","O-02675","40","20"
"O-03034","O-03034","60","20"
"O-02931","O-02931","40","5"
"O-02746","O-02746","40","20"
"O-03033","O-03033","60","15"
"O-02745","O-02745","40","20"
"O-03032","O-03032","60","20"
"O-02928","O-02928","40","20"
"O-02857A","O-02857A","40","20"
"O-02774A","O-02774A","20","15"
"O-02672","O-02672","40","20"
"O-02774","O-02774","60","20"
"O-03030","O-03030","40","18"
"O-02856B","O-02856B","40","10"
"O-02773A","O-02773A","20","15"
"O-02630","O-02630","20","20"
"O-02704","O-02704","20","19"
"O-02606","O-02606","20","20"
"O-03040","O-03040","40","20"
"O-03029","O-03029","60","20"
"O-02926","O-02926","40","0"
"O-02855A","O-02855A","40","260"
"O-02667","O-02667","40","20"
"L-10032A","L-10032A","100","23"
"L-10031","L-10031","100","19"
"L-10030","L-10030","100","22"
"L-40130","L-40130","160","27"
"L-10032B","L-10032B","100","9"
"O-02925A","O-02925A","40","15"
"O-02731","O-02731","20","0"
"O-03027","O-03027","60","20"
"O-02925V","O-02925V","40","15"
"O-02730","O-02730","20","20"
"O-03026","O-03026","40","20"
"O-02854B","O-02854B","20","270"
"O-02720","O-02720","20","10"
"O-03025","O-03025","40","20"
"O-02721","O-02721","40","15"
"O-03024","O-03024","40","19"
"O-02772","O-02772","20","20"
"O-03023","O-03023","40","20"
"L-10083","L-10083","340","17"
"O-02923","O-02923","20","10"
"O-02719","O-02719","20","20"
"O-02659","O-02659","40","0"
"O-03022","O-03022","40","20"
"O-02930","O-02930","40","20"
"O-02771A","O-02771A","40","18"
"O-03021","O-03021","40","20"
"O-02929","O-02929","40","14"
"O-02718","O-02718","20","20"
"O-02702","O-02702","20","20"
"O-03019","O-03019","40","20"
"O-02769","O-02769","20","18"
"O-02654","O-02654","20","25"
"O-02922","O-02922","20","20"
"O-02768","O-02768","20","20"
"O-02652","O-02652","20","20"
"O-03017","O-03017","40","19"
"O-02921A","O-02921A","20","20"
"O-02766","O-02766","20","20"
"O-02612","O-02612","20","20"
"O-02921","O-02921","40","20"
"O-02717","O-02717","20","20"
"O-02649","O-02649","20","20"
"O-03015","O-03015","40","20"
"O-02911","O-02911","20","20"
"O-02716","O-02716","20","20"
"O-02611","O-02611","20","20"
"O-02543","O-02543","20","19"
"O-03020","O-03020","40","0"
"O-02910","O-02910","20","20"
"O-02830","O-02830","20","469"
"L-10035","L-10035","120","24"
"O-02821","O-02821","20","465"
"O-02852A","O-02852A","20","435"
"O-02851B","O-02851B","20","414"
"O-02851A","O-02851A","20","468"
"O-02820","O-02820","20","399"
"O-02849","O-02849","20","445"
"O-02762","O-02762","20","19"
"O-02610","O-02610","20","20"
"O-02542","O-02542","20","20"
"O-02920A","O-02920A","20","20"
"L-10140","L-10140","200","25"
"O-02847","O-02847","20","260"
"O-02759","O-02759","20","20"
"O-02541","O-02541","20","20"
"O-03010","O-03010","20","20"
"O-02915","O-02915","20","20"
"L-10033","L-10033","100","11"
"O-02844","O-02844","20","200"
"O-02755","O-02755","20","19"
"O-02644","O-02644","20","20"
"O-02753","O-02753","20","187"
"O-02642","O-02642","20","20"
"O-02539","O-02539","20","20"
"O-03012","O-03012","20","0"
"O-02919A","O-02919A","20","19"
"O-02841","O-02841","20","20"
"L-10034","L-10034","80","13"
"O-02749","O-02749","20","20"
"O-02640","O-02640","20","20"
"O-02538","O-02538","20","19"
"O-02602","O-02602","20","20"
"O-02601","O-02601","20","20"
"O-03011","O-03011","20","20"
"O-02919","O-02919","20","20"
"O-02817","O-02817","20","20"
"O-02743","O-02743","20","20"
"O-02609","O-02609","20","20"
"O-02536","O-02536","20","20"
"O-03009","O-03009","20","20"
"O-02918A","O-02918A","20","19"
"O-02835","O-02835","20","20"
"L-10028","L-10028","80","5"
"O-02741","O-02741","20","20"
"O-02637","O-02637","20","20"
"O-02535","O-02535","20","20"
"O-03008","O-03008","20","20"
"O-02918","O-02918","20","19"
"O-02831","O-02831","20","20"
"O-02715","O-02715","20","20"
"O-02635","O-02635","20","20"
"O-02533","O-02533","20","20"
"O-03007","O-03007","20","19"
"O-02917","O-02917","20","20"
"O-02828","O-02828","20","20"
"O-02739","O-02739","20","20"
"O-02607","O-02607","20","20"
"O-02531","O-02531","20","20"
"O-03006","O-03006","20","20"
"O-02916","O-02916","20","20"
"O-02816","O-02816","20","20"
"O-02737","O-02737","20","19"
"O-02633","O-02633","20","20"
"O-02529","O-02529","20","20"
"O-02914","O-02914","20","20"
"O-02826","O-02826","20","10"
"O-02735","O-02735","20","19"
"O-02631","O-02631","20","20"
"O-02527","O-02527","20","20"
"O-02913","O-02913","20","20"
"O-02813","O-02813","20","950"
"O-02733","O-02733","20","19"
"O-02629","O-02629","20","20"
"O-02525","O-02525","20","19"
"O-02971","O-02971","100","100"
"O-03003","O-03003","20","19"
"O-02912","O-02912","20","20"
"O-02822","O-02822","20","15"
"O-02728","O-02728","20","0"
"O-02627","O-02627","20","20"
"Ğ-02523","Ğ-02523","20","19"
"O-02968A","O-02968A","80","20"
"O-02966","O-02966","120","20"
"O-02790","O-02790","120","20"
"O-03002","O-03002","20","19"
"O-02810","O-02810","20","20"
"O-02713","O-02713","20","18"
"O-02625","O-02625","20","20"
"O-02962A","O-02962A","100","20"
"O-02874B","O-02874B","100","20"
"O-02962","O-02962","100","20"
"O-02960","O-02960","80","20"
"O-02873B","O-02873B","80","20"
"O-02796A","O-02796A","80","20"
"O-03001","O-03001","20","0"
"O-02908","O-02908","20","0"
"O-02812","O-02812","20","20"
"O-02712","O-02712","20","18"
"3980","3980","200","0"
"3979","3979","180","0"
"3978","3978","160","0"
"3977","3977","300","0"
"3976","3976","180","0"
"3975","3975","160","0"
"3974","3974","200","0"
"3973","3973","140","0"
"3972","3972","100","0"
"3971","3971","160","0"
"3970","3970","220","0"
"3969","3969","220","0"
"3968","3968","160","0"
"3967","3967","160","0"
"3966","3966","160","0"
"3965","3965","200","0"
"3964","3964","100","0"
"3963","3963","1160","0"
"3962","3962","1160","0"
"3961","3961","860","0"
"3960","3960","660","0"
"3959","3959","580","0"
"3958","3958","340","0"
"3957","3957","580","0"
"3956","3956","500","0"
"3955","3955","440","0"
"3954","3954","400","0"
"3953","3953","340","0"
"3952","3952","280","0"
"3951","3951","440","0"
"3950","3950","280","0"
"3949","3949","220","0"
"3948","3948","280","0"
"3947","3947","200","0"
"3946","3946","180","0"
"3945","3945","160","0"
"3944","3944","220","0"
"3943","3943","220","0"
"3942","3942","180","0"
"3941","3941","160","0"
"3940","3940","160","0"
"3939","3939","140","0"
"3938","3938","160","0"
"3937","3937","140","0"
"3936","3936","200","0"
"3935","3935","180","0"
"3934","3934","140","0"
"3933","3933","140","0"
"3932","3932","140","0"
"3931","3931","200","0"
"3930","3930","160","0"
"3929","3929","140","0"
"3928","3928","140","0"
"3927","3927","120","0"
"3926","3926","140","0"
"3925","3925","160","0"
"3924","3924","140","0"
"3923","3923","140","0"
"3922","3922","120","0"
"3921","3921","120","0"
"3920","3920","120","0"
"3919","3919","120","0"
"3918","3918","120","0"
"3917","3917","120","0"
"3916","3916","120","0"
"3915","3915","100","0"
"3914","3914","120","1"
"3913","3913","100","0"
"3912","3912","120","0"
"3911","3911","100","0"
"3910","3910","120","0"
"3909","3909","100","0"
"3908","3908","80","0"
"3907","3907","100","0"
"3906","3906","80","0"
"3905","3905","80","0"
"3904","3904","80","0"
"3903","3903","80","0"
"3902","3902","100","0"
"3901","3901","80","0"
"3900","3900","80","0"
"3899","3899","80","0"
"3898","3898","80","0"
"3897","3897","100","0"
"3896","3896","80","0"
"3895","3895","100","0"
"3894","3894","80","0"
"3893","3893","80","0"
"3892","3892","80","0"
"3891","3891","100","0"
"3890","3890","80","0"
"3889","3889","80","0"
"3888","3888","120","0"
"3887","3887","120","0"
"3886","3886","120","0"
"3885","3885","120","0"
"3884","3884","620","0"
"3883","3883","560","0"
"3882","3882","140","0"
"3881","3881","1360","0"
"3880","3880","320","0"
"3879","3879","560","0"
"3878","3878","100","0"
"3877","3877","100","0"
"3876","3876","560","0"
"3875","3875","280","0"
"3874","3874","100","0"
"3873","3873","80","0"
"3872","3872","180","0"
"3871","3871","240","0"
"3870","3870","220","0"
"3869","3869","180","0"
"3868","3868","120","0"
"3867","3867","160","0"
"3866","3866","180","0"
"3865","3865","160","0"
"3864","3864","200","0"
"3863","3863","220","0"
"3862","3862","160","0"
"3861","3861","440","0"
"3860","3860","240","0"
"3859","3859","120","0"
"3858","3858","800","0"
"3857","3857","180","0"
"3856","3856","120","0"
"3855","3855","220","0"
"3854","3854","540","0"
"3853","3853","220","0"
"3852","3852","160","0"
"3851","3851","280","0"
"3850","3850","220","0"
"3849","3849","120","0"
"3848","3848","220","0"
"3847","3847","220","0"
"3846","3846","80","0"
"3845","3845","220","0"
"3844","3844","260","0"
"3843","3843","100","0"
"3842","3842","120","0"
"3841","3841","180","0"
"3840","3840","580","0"
"3839","3839","480","0"
"3838","3838","180","0"
"3837","3837","160","0"
"3836","3836","160","0"
"3835","3835","180","0"
"3834","3834","160","0"
"3833","3833","140","0"
"3832","3832","100","0"
"3831","3831","80","0"
"3830","3830","120","0"
"3829","3829","240","0"
"3828","3828","140","0"
"3827","3827","160","0"
"3826","3826","80","0"
"3825","3825","160","0"
"3824","3824","120","0"
"3823","3823","120","0"
"3822","3822","680","0"
"3821","3821","220","0"
"3820","3820","860","0"
"3819","3819","480","0"
"3818","3818","120","0"
"3817","3817","580","0"
"3816","3816","160","0"
"3815","3815","160","0"
"3814","3814","240","0"
"3813","3813","160","0"
"3812","3812","140","0"
"3811","3811","820","0"
"3810","3810","320","0"
"3809","3809","180","0"
"3808","3808","160","0"
"3807","3807","120","0"
"3806","3806","1360","0"
"3805","3805","660","0"
"3804","3804","340","0"
"3803","3803","140","0"
"3802","3802","160","0"
"3801","3801","100","0"
"3800","3800","120","0"
"3799","3799","220","0"
"3798","3798","200","0"
"3797","3797","240","0"
"3796","3796","80","0"
"3795","3795","200","0"
"3794","3794","220","0"
"3793","3793","140","0"
"3792","3792","160","0"
"3791","3791","140","0"
"3790","3790","200","0"
"3789","3789","200","0"
"3788","3788","160","0"
"3787","3787","100","0"
"3786","3786","100","0"
"3785","3785","80","0"
"3784","3784","160","0"
"3783","3783","340","0"
"3782","3782","200","0"
"3781","3781","240","0"
"3780","3780","180","0"
"3779","3779","180","0"
"3778","3778","160","0"
"3777","3777","160","0"
"3776","3776","160","0"
"3775","3775","560","0"
"3774","3774","820","0"
"3773","3773","160","0"
"3772","3772","160","0"
"3771","3771","160","0"
"3770","3770","160","0"
"3769","3769","160","0"
"3768","3768","160","0"
"3767","3767","100","0"
"3766","3766","80","0"
"3765","3765","180","0"
"3764","3764","820","0"
"3763","3763","460","0"
"3762","3762","300","0"
"3761","3761","180","0"
"3760","3760","80","0"
"3759","3759","180","0"
"3758","3758","140","0"
"3757","3757","120","0"
"3756","3756","140","0"
"3755","3755","160","0"
"3754","3754","240","0"
"3753","3753","180","0"
"3752","3752","320","0"
"3751","3751","320","0"
"3750","3750","240","0"
"3749","3749","200","0"
"3748","3748","200","0"
"3747","3747","160","0"
"3746","3746","160","0"
"3745","3745","160","0"
"3744","3744","140","0"
"3743","3743","140","0"
"3742","3742","140","0"
"3741","3741","140","0"
"3740","3740","120","0"
"3739","3739","140","0"
"3738","3738","560","0"
"3737","3737","280","0"
"3736","3736","160","0"
"3735","3735","120","0"
"3734","3734","120","0"
"3733","3733","180","0"
"3732","3732","140","0"
"3731","3731","760","0"
"3730","3730","220","0"
"3729","3729","180","0"
"3728","3728","160","0"
"3727","3727","120","0"
"3726","3726","120","0"
"3725","3725","140","0"
"3724","3724","120","0"
"3723","3723","100","0"
"3722","3722","220","0"
"3721","3721","780","0"
"3720","3720","1040","0"
"3719","3719","300","0"
"3718","3718","380","0"
"3717","3717","220","0"
"3716","3716","220","0"
"3715","3715","400","0"
"3714","3714","140","0"
"3713","3713","120","0"
"3712","3712","100","0"
"3711","3711","120","0"
"3710","3710","80","0"
"3709","3709","380","0"
"3708","3708","80","0"
"3707","3707","80","0"
"3706","3706","200","0"
"3705","3705","240","0"
"3704","3704","340","0"
"3703","3703","80","0"
"3702","3702","140","0"
"3701","3701","140","0"
"3700","3700","580","0"
"3699","3699","240","0"
"3698","3698","280","0"
"3697","3697","160","0"
"3696","3696","300","0"
"3695","3695","220","0"
"3694","3694","100","0"
"3693","3693","140","0"
"3692","3692","120","0"
"3691","3691","120","0"
"3690","3690","100","0"
"3689","3689","100","0"
"3688","3688","80","0"
"3687","3687","100","0"
"3686","3686","200","0"
"3685","3685","520","0"
"3684","3684","140","0"
"3683","3683","580","0"
"3682","3682","460","0"
"3681","3681","400","0"
"3680","3680","2300","0"
"3679","3679","240","0"
"3678","3678","220","0"
"3677","3677","100","0"
"3676","3676","80","0"
"3675","3675","280","0"
"3674","3674","80","0"
"3673","3673","280","0"
"3672","3672","160","0"
"3671","3671","200","0"
"3670","3670","260","0"
"3669","3669","100","0"
"3668","3668","220","0"
"3667","3667","740","0"
"3666","3666","220","0"
"3665","3665","220","0"
"3664","3664","180","0"
"3663","3663","160","0"
"3662","3662","140","0"
"3661","3661","180","0"
"3660","3660","500","0"
"3659","3659","120","0"
"3658","3658","120","0"
"3657","3657","120","0"
"3656","3656","280","0"
"3655","3655","180","0"
"3654","3654","140","0"
"3653","3653","140","0"
"3652","3652","120","0"
"3651","3651","140","0"
"3650","3650","120","0"
"3649","3649","120","0"
"3648","3648","120","0"
"3647","3647","80","0"
"3646","3646","100","0"
"3645","3645","80","0"
"3644","3644","80","0"
"3643","3643","80","0"
"3642","3642","80","0"
"3641","3641","80","0"
"3640","3640","80","0"
"3639","3639","80","0"
"3638","3638","200","0"
"3637","3637","140","0"
"3636","3636","140","0"
"3635","3635","120","0"
"3634","3634","120","0"
"3633","3633","140","0"
"3632","3632","120","0"
"3631","3631","660","0"
"3630","3630","540","0"
"3629","3629","80","0"
"3628","3628","80","0"
"3627","3627","80","0"
"3626","3626","80","0"
"3625","3625","120","0"
"3624","3624","120","0"
"3623","3623","240","0"
"3622","3622","100","0"
"3621","3621","580","0"
"3620","3620","160","0"
"3619","3619","80","0"
"3618","3618","120","0"
"3617","3617","120","0"
"3616","3616","140","0"
"3615","3615","120","0"
"3614","3614","120","0"
"3613","3613","200","0"
"3612","3612","120","0"
"3611","3611","100","0"
"3610","3610","80","0"
"3609","3609","100","0"
"3608","3608","100","0"
"3607","3607","160","0"
"3606","3606","100","0"
"3605","3605","120","0"
"3604","3604","100","0"
"3603","3603","180","0"
"3602","3602","80","0"
"3601","3601","100","0"
"L-10009","L-10009","160","22"
"L-10011","L-10011","120","62"
"1181","F-01223A","200","270"
"8060","RK8060","1320","32"
"8059","RK8059","1420","54"
"8058","RK8058","1360","73"
"8057","RK8057","1360","44"
"8056","RK8056","1340","54"
"8055","RK8055","1520","98"
"8054","RK8054","1420","42"
"8053","RK8053","1360","57"
"8052","RK8052","1360","54"
"8051","RK8051","1280","114"
"8050","RK8050","1280","112"
"8049","RK8049","1320","22"
"8048","RK8048","1320","23"
"8047","RK8047","1320","28"
"8046","RK8046","1320","30"
"8045","RK8045","1320","37"
"8044","RK8044","1320","36"
"8043","RK8043","1480","78"
"8042","RK8042","1340","91"
"8041","RK8041","1360","30"
"8040","RK8040","1480","100"
"8039","RK8039","1380","80"
"8038","RK8038","1360","106"
"8037","RK8037","1320","50"
"8036","RK8036","1380","44"
"8035","RK8035","1360","32"
"1180","F-00447A","300","181"
"8034","RK8034","1380","51"
"8033","RK8033","1340","36"
"8032","RK8032","1380","84"
"8031","RK8031","1300","82"
"8030","RK8030","1380","29"
"8029","RK8029","1340","20"
"3600","3600","160","0"
"3599","3599","120","0"
"3598","3598","100","0"
"3597","3597","200","0"
"3596","3596","100","0"
"3595","3595","120","0"
"3594","3594","220","0"
"3593","3593","160","0"
"3592","3592","140","0"
"3591","3591","200","0"
"3590","3590","200","0"
"3589","3589","80","0"
"3588","3588","200","0"
"3587","3587","200","0"
"3586","3586","80","0"
"3585","3585","100","0"
"3584","3584","100","0"
"3583","3583","120","0"
"8028","RK8028","1420","51"
"8027","RK8027","1420","60"
"8026","RK8026","1320","52"
"8025","RK8025","1320","38"
"8024","RK8024","1360","0"
"8023","RK8023","1360","0"
"8022","RK8022","1340","37"
"8021","RK8021","1380","49"
"8020","RK8020","1380","60"
"8019","RK8019","1360","46"
"8018","RK8018","1360","42"
"8017","RK8017","1380","34"
"8016","RK8016","1340","63"
"8015","RK8015","1340","79"
"8014","RK8014","1280","58"
"8013","RK8013","1360","53"
"8012","RK8012","1360","70"
"8011","RK8011","1380","42"
"3582","3582","80","0"
"3581","3581","80","0"
"3580","3580","80","0"
"3579","3579","80","0"
"3578","3578","100","0"
"8010","RK8010","1320","62"
"8009","RK8009","1380","70"
"3577","3577","140","29"
"3576","3576","140","9"
"3575","3575","120","20"
"3574","3574","140","6"
"3573","3573","120","26"
"3572","3572","200","4"
"3571","3571","160","5"
"3570","3570","140","14"
"3569","3569","140","5"
"3568","3568","140","28"
"3567","3567","160","9"
"3566","3566","140","10"
"3565","3565","200","5"
"3564","3564","200","1"
"3563","3563","180","2"
"3562","3562","200","9"
"3561","3561","200","3"
"3560","3560","160","13"
"3559","3559","160","17"
"3558","3558","120","30"
"3557","3557","120","3"
"3556","3556","80","8"
"3555","3555","140","16"
"3554","3554","120","8"
"3553","3553","120","2"
"3552","3552","840","2"
"3551","3551","240","1"
"3550","3550","340","1"
"3549","3549","340","2"
"3548","3548","260","1"
"3547","3547","340","3"
"3546","3546","260","6"
"3545","3545","200","4"
"3544","3544","220","1"
"8008","RK8008","1320","56"
"3543","3543","220","1"
"3542","3542","220","1"
"3541","3541","340","1"
"3540","3540","160","17"
"3539","3539","160","17"
"3538","3538","120","17"
"3537","3537","160","17"
"3536","3536","140","2"
"3535","3535","200","3"
"3534","3534","200","3"
"3533","3533","160","15"
"3532","3532","180","3"
"3531","3531","220","0"
"3530","3530","200","3"
"3529","3529","200","8"
"3528","3528","180","5"
"3527","3527","60","6"
"3526","3526","180","2"
"3525","3525","180","1"
"3524","3524","180","3"
"3523","3523","160","11"
"3522","3522","160","3"
"3521","3521","60","1"
"3520","3520","220","4"
"3519","3519","60","3"
"3518","3518","80","18"
"3517","3517","180","24"
"3516","3516","220","3"
"3515","3515","220","3"
"3514","3514","220","3"
"3513","3513","200","11"
"3512","3512","180","15"
"3511","3511","180","18"
"3510","3510","180","3"
"3509","3509","180","4"
"3508","3508","180","2"
"3507","3507","180","5"
"3506","3506","200","3"
"3505","3505","200","18"
"3504","3504","180","18"
"3503","3503","180","18"
"3502","3502","180","15"
"8007","RK8007","1340","0"
"1179","F-00030","100","8"
"1178","F-00065","140","106"
"","RK8000","",""
"8006","RK8006","1300","43"
"8005","RK8005","1320","31"
"3501","3501","180","1"
"3500","3500","160","3"
"3499","3499","160","3"
"3498","3498","160","3"
"3497","3497","180","3"
"3496","3496","160","3"
"3495","3495","160","4"
"3494","3494","160","3"
"3493","3493","160","3"
"3492","3492","180","3"
"3491","3491","180","3"
"3490","3490","180","3"
"3489","3489","180","1"
"3488","3488","180","1"
"3487","3487","200","3"
"3486","3486","180","18"
"3485","3485","180","1"
"3484","3484","220","3"
"3483","3483","200","3"
"3482","3482","160","3"
"3481","3481","160","0"
"3480","3480","160","3"
"3479","3479","160","1"
"3478","3478","180","3"
"3477","3477","180","3"
"3476","3476","160","3"
"3475","3475","180","3"
"3474","3474","160","3"
"3473","3473","180","3"
"3472","3472","180","3"
"3471","3471","180","1"
"3470","3470","160","18"
"3469","3469","220","3"
"3468","3468","160","18"
"3467","3467","160","3"
"3466","3466","180","18"
"3465","3465","180","3"
"3464","3464","180","3"
"3463","3463","180","18"
"3462","3462","440","17"
"3461","3461","160","12"
"3460","3460","180","18"
"3459","3459","180","3"
"3458","3458","180","2"
"3457","3457","160","5"
"3456","3456","180","3"
"3455","3455","220","3"
"3454","3454","140","1"
"3453","3453","160","1"
"3452","3452","120","1"
"3451","3451","160","1"
"3450","3450","180","3"
"3449","3449","180","6"
"3448","3448","180","3"
"3447","3447","180","8"
"3446","3446","180","18"
"3445","3445","140","1"
"3444","3444","140","1"
"3443","3443","160","1"
"3442","3442","140","1"
"3441","3441","200","1"
"3440","3440","200","3"
"3439","3439","180","3"
"3438","3438","160","3"
"3437","3437","200","3"
"3436","3436","200","2"
"3435","3435","200","21"
"3434","3434","200","18"
"3433","3433","200","3"
"3432","3432","200","3"
"3431","3431","180","3"
"3430","3430","180","3"
"3429","3429","340","3"
"3428","3428","340","1"
"3427","3427","340","1"
"3426","3426","200","3"
"3425","3425","200","1"
"3424","3424","200","5"
"3423","3423","200","3"
"3422","3422","220","3"
"3421","3421","200","3"
"3420","3420","200","3"
"3419","3419","220","3"
"3418","3418","220","1"
"3417","3417","200","3"
"3416","3416","200","3"
"3415","3415","220","1"
"3414","3414","200","1"
"3413","3413","240","1"
"3412","3412","220","1"
"3411","3411","220","2"
"3410","3410","240","1"
"3409","3409","220","1"
"3408","3408","260","1"
"3407","3407","220","1"
"3406","3406","220","1"
"3405","3405","220","1"
"3404","3404","240","1"
"3403","3403","260","2"
"3402","3402","260","1"
"3401","3401","260","1"
"3400","3400","260","1"
"3399","3399","260","1"
"3398","3398","260","1"
"3397","3397","260","1"
"3396","3396","240","1"
"3395","3395","340","1"
"3394","3394","240","1"
"3393","3393","340","1"
"3392","3392","260","1"
"3391","3391","220","1"
"3390","3390","220","1"
"3389","3389","240","1"
"3388","3388","240","1"
"3387","3387","220","6"
"3386","3386","240","2"
"3385","3385","220","3"
"3384","3384","220","1"
"3383","3383","220","1"
"3382","3382","260","1"
"3381","3381","340","1"
"3380","3380","340","1"
"3379","3379","260","1"
"3378","3378","340","1"
"3377","3377","340","1"
"3376","3376","340","1"
"3375","3375","260","1"
"3374","3374","260","1"
"3373","3373","340","1"
"3372","3372","340","1"
"3371","3371","340","1"
"3370","3370","260","1"
"3369","3369","340","1"
"3368","3368","340","1"
"3367","3367","340","1"
"3366","3366","340","1"
"3365","3365","340","1"
"3364","3364","220","1"
"3363","3363","340","1"
"3362","3362","340","1"
"3361","3361","340","1"
"3360","3360","120","7"
"3359","3359","120","1"
"3358","3358","140","3"
"3357","3357","140","18"
"3356","3356","140","2"
"3355","3355","120","29"
"3354","3354","140","2"
"3353","3353","140","2"
"3352","3352","140","32"
"3351","3351","120","18"
"3350","3350","140","16"
"3349","3349","140","2"
"3348","3348","120","1"
"3347","3347","140","2"
"3346","3346","120","16"
"3345","3345","120","2"
"3344","3344","120","4"
"3343","3343","120","17"
"3342","3342","120","15"
"3341","3341","120","3"
"3340","3340","120","6"
"3339","3339","120","3"
"3338","3338","120","2"
"3337","3337","140","16"
"3336","3336","120","3"
"3335","3335","120","1"
"3334","3334","140","3"
"3333","3333","140","3"
"3332","3332","140","2"
"3331","3331","120","2"
"3330","3330","120","0"
"3329","3329","120","1"
"3328","3328","120","12"
"3326","3326","120","3"
"3325","3325","120","16"
"3324","3324","120","2"
"3323","3323","160","18"
"3322","3322","120","3"
"3321","3321","120","0"
"3320","3320","120","0"
"3319","3319","120","1"
"3318","3318","120","3"
"3317","3317","120","1"
"3316","3316","120","1"
"3315","3315","120","16"
"3314","3314","","3"
"3313","3313","120","3"
"3312","3312","120","1"
"3311","3311","120","1"
"3310","3310","140","1"
"3309","3309","140","1"
"3308","3308","140","3"
"3307","3307","140","18"
"3306","3306","140","1"
"3305","3305","140","3"
"3304","3304","120","0"
"3303","3303","140","1"
"3302","3302","160","9"
"3301","3301","120","17"
"3300","3300","120","17"
"3299","3299","120","15"
"3298","3298","120","16"
"3297","3297","120","15"
"3296","3296","140","2"
"3295","3295","140","15"
"3294","3294","140","2"
"3293","3293","120","17"
"3292","3292","140","15"
"3291","3291","140","1"
"3290","3290","140","1"
"3289","3289","140","17"
"3288","3288","120","5"
"3287","3287","120","25"
"3286","3286","120","3"
"3285","3285","140","17"
"3284","3284","120","16"
"3283","3283","160","0"
"3282","3282","160","17"
"3281","3281","180","18"
"3280","3280","180","18"
"3279","3279","200","3"
"3278","3278","200","17"
"3277","3277","200","3"
"3276","3276","200","3"
"3275","3275","200","3"
"3274","3274","200","3"
"3273","3273","120","17"
"3272","3272","200","3"
"3271","3271","340","1"
"3270","3270","120","1"
"3269","3269","140","18"
"3268","3268","120","0"
"3266","3266","120","1"
"3267","3267","160","1"
"3265","3265","180","18"
"3264","3264","160","3"
"3263","3263","160","2"
"3262","3262","160","3"
"3261","3261","180","2"
"3260","3260","160","18"
"3259","3259","160","17"
"3258","3258","200","3"
"3257","3257","180","3"
"3256","3256","200","4"
"3255","3255","160","17"
"3254","3254","160","3"
"3253","3253","160","1"
"3252","3252","220","3"
"3251","3251","160","3"
"3250","3250","160","3"
"3249","3249","160","3"
"3248","3248","160","3"
"3247","3247","160","3"
"3246","3246","160","9"
"3245","3245","160","14"
"3244","3244","160","2"
"3243","3243","160","9"
"3242","3242","160","18"
"3241","3241","180","1"
"3240","3240","160","3"
"3239","3239","160","3"
"3238","3238","160","3"
"3237","3237","180","3"
"3236","3236","200","3"
"3235","3235","180","3"
"3234","3234","180","3"
"3233","3233","160","3"
"3232","3232","160","34"
"3231","3231","180","3"
"3230","3230","180","3"
"3229","3229","180","2"
"3228","3228","160","17"
"3227","3227","160","3"
"3226","3226","180","10"
"3225","3225","140","3"
"3224","3224","160","2"
"3223","3223","160","3"
"3222","3222","160","7"
"3221","3221","160","7"
"3220","3220","160","17"
"3219","3219","160","3"
"3218","3218","160","18"
"3217","3217","160","21"
"3216","3216","160","3"
"3215","3215","160","3"
"3214","3214","160","3"
"3213","3213","160","3"
"3212","3212","160","17"
"3211","3211","140","3"
"3210","3210","160","3"
"3209","3209","160","7"
"3208","3208","140","3"
"3207","3207","140","1"
"3206","3206","160","3"
"3205","3205","160","14"
"3204","3204","140","2"
"3203","3203","140","3"
"3202","3202","160","3"
"3201","3201","160","3"
"3200","3200","140","2"
"3199","3199","140","3"
"3198","3198","160","1"
"3197","3197","160","3"
"3196","3196","140","2"
"3195","3195","140","3"
"3194","3194","140","3"
"3193","3193","140","3"
"3192","3192","160","18"
"3191","3191","160","3"
"3190","3190","160","2"
"3189","3189","160","3"
"3188","3188","160","2"
"3187","3187","140","3"
"3186","3186","140","3"
"3185","3185","140","8"
"3184","3184","160","1"
"3183","3183","160","3"
"3182","3182","160","0"
"3181","3181","160","3"
"3180","3180","200","29"
"1177","F-01466","300","146"
"1176","F-01372","300","147"
"3179","3179","160","0"
"3178","3178","160","3"
"3177","3177","160","10"
"3176","3176","160","5"
"3175","3175","160","2"
"3174","3174","140","20"
"3173","3173","200","18"
"3172","3172","160","3"
"3171","3171","180","3"
"3170","3170","180","5"
"3169","3169","140","3"
"3168","3168","140","3"
"3167","3167","160","37"
"3166","3166","160","3"
"3165","3165","180","3"
"3164","3164","160","3"
"3163","3163","180","3"
"3162","3162","160","3"
"3161","3161","140","3"
"3160","3160","140","3"
"3159","3159","160","1"
"3158","3158","160","9"
"3157","3157","160","3"
"3156","3156","140","7"
"3155","3155","140","1"
"3154","3154","140","3"
"3153","3153","140","4"
"3152","3152","140","5"
"3151","3151","180","3"
"3150","3150","180","3"
"3149","3149","160","3"
"3148","3148","160","3"
"3147","3147","200","3"
"3146","3146","160","17"
"3145","3145","160","18"
"3144","3144","180","3"
"3143","3143","180","3"
"3142","3142","180","3"
"3141","3141","220","3"
"3140","3140","200","2"
"3139","3139","200","3"
"3138","3138","180","21"
"3137","3137","240","3"
"3136","3136","200","1"
"3135","3135","180","0"
"3134","3134","160","2"
"3133","3133","140","27"
"3132","3132","120","0"
"3131","3131","140","2"
"1175","F-00718XX","300","146"
"3130","3130","200","2"
"3129","3129","180","18"
"3128","3128","280","18"
"3127","3127","280","3"
"3126","3126","260","3"
"3125","3125","220","3"
"3124","3124","240","1"
"3123","3123","260","3"
"3122","3122","280","3"
"3121","3121","260","18"
"3120","3120","280","3"
"3119","3119","260","3"
"3118","3118","300","6"
"3117","3117","280","17"
"3116","3116","180","18"
"3115","3115","280","17"
"3114","3114","260","18"
"3113","3113","240","3"
"3112","3112","240","3"
"3111","3111","360","18"
"3110","3110","340","3"
"3109","3109","180","3"
"3108","3108","340","3"
"3107","3107","200","18"
"3106","3106","180","3"
"3105","3105","220","3"
"3104","3104","180","18"
"3103","3103","200","3"
"3102","3102","180","3"
"3101","3101","180","4"
"3100","3100","200","3"
"3099","3099","180","3"
"3098","3098","160","3"
"3097","3097","180","3"
"3096","3096","220","3"
"3095","3095","260","3"
"3094","3094","160","3"
"3093","3093","200","2"
"3092","3092","200","2"
"3091","3091","240","2"
"3090","3090","220","3"
"3089","3089","180","3"
"3088","3088","160","3"
"3087","3087","180","4"
"3086","3086","240","3"
"3085","3085","180","3"
"3084","3084","240","3"
"3083","3083","180","11"
"3082","3082","200","3"
"3081","3081","220","3"
"3080","3080","220","2"
"3079","3079","280","3"
"3078","3078","180","2"
"3077","3077","160","1"
"3076","3076","160","3"
"3075","3075","160","3"
"3074","3074","180","17"
"3073","3073","320","18"
"3072","3072","300","19"
"3071","3071","320","3"
"3070","3070","260","18"
"3069","3069","280","3"
"3068","3068","580","13"
"3067","3067","200","6"
"3066","3066","200","3"
"3065","3065","280","3"
"3064","3064","280","3"
"3063","3063","460","1"
"3062","3062","200","1"
"3061","3061","220","2"
"3060","3060","220","3"
"3059","3059","160","1"
"3058","3058","160","18"
"1174","F-00099","140","0"
"3057","3057","140","17"
"3056","3056","140","5"
"3055","3055","160","2"
"3054","3054","140","5"
"3053","3053","160","2"
"3052","3052","140","14"
"3051","3051","140","5"
"3050","3050","160","6"
"3049","3049","160","1"
"3048","3048","160","2"
"3047","3047","140","4"
"3046","3046","140","3"
"3045","3045","140","0"
"3044","3044","160","7"
"3043","3043","140","1"
"3042","3042","140","0"
"3041","3041","260","17"
"3040","3040","200","2"
"3039","3039","200","3"
"3038","3038","200","17"
"3037","3037","200","16"
"3036","3036","200","3"
"3035","3035","200","3"
"3034","3034","280","3"
"3033","3033","240","2"
"3032","3032","200","3"
"3031","3031","580","9"
"3030","3030","240","3"
"3029","3029","160","3"
"3028","3028","160","18"
"3027","3027","400","8"
"3026","3026","300","16"
"3025","3025","160","18"
"3024","3024","120","3"
"3023","3023","120","18"
"3022","3022","140","3"
"3021","3021","160","3"
"3020","3020","180","3"
"3019","3019","180","1"
"3018","3018","260","17"
"3017","3017","200","3"
"3016","3016","260","0"
"3015","3015","200","0"
"3014","3014","780","1"
"3013","3013","340","1"
"3012","3012","600","1"
"3011","3011","400","7"
"3010","3010","120","47"
"3009","3009","400","48"
"3008","3008","120","98"
"3007","3007","120","100"
"1172","F-00413","100","33"
"1171","F-00513AX","300","44"
"1170","F-00061","140","247"
"3006","3006","400","19"
"3005","3005","400","19"
"1169","F-00378A","140","384"
"3004","3004","400","19"
"3003","3003","200","19"
"3002","3002","200","48"
"3001","3001","400","15"
"3000","3000","360","13"
"1168","F-01130","300","140"
"1167","F-00235","300","131"
"1166","F-00253A","300","175"
"1165","F-00824","300","222"
"1164","F-01569","300","255"
"1163","F-00423A","300","4"
"1162","F-00247A","300","229"
"1161","F-00376X","300","182"
"1160","F-00090X","300","89"
"1131","F-00041","140","431"
"1133","F-00037X","140","48"
"1134","F-00849X","140","54"
"1135","F-00868X","140","73"
"1136","F-00561X","140","55"
"1137","F-00368X","140","43"
"1138","F-00109X","140","395"
"1139","F-01171","140","375"
"1140","F-00815","140","346"
"1141","F-01332","140","422"
"1142","F-00070","300","236"
"1143","F-01344","300","408"
"1144","F-00798","300","410"
"1145","F-01340","140","259"
"1146","F-00786X","140","177"
"1147","F-00786","140","91"
"1148","F-00211X","300","293"
"1149","F-01347","300","441"
"1150","F-01113","300","487"
"1151","F-00594","300","94"
"1152","F-00458","140","7"
"1153","F-00587XA","140","160"
"1154","F-00444XA","140","70"
"1155","F-00022XA","140","48"
"1156","F-00057XA","140","50"
"1132","F-00011X","140","17"
"1129","F-01592","700","142"
"1128","F-00559","700","19"
"1127","F-00639","700","65"
"1126","F-00549","700","59"
"1124","F-01089","700","13"
"1122","F-00647","300","248"
"1121","F-01142","300","189"
"1119","F-01142X","300","231"
"1125","F-01087","700","352"
"1123","F-00804","700","22"
"1120","F-01037","300","94"
"1118","F-01037X","300","218"
"1117","F-01142XX","300","80"
"1116","F-01037XX","300","95"
"1115","F-00277","300","333"
"1114","F-00383","300","261"
"1113","F-00277X","300","356"
"1112","F-01139","300","524"
"1111","F-00451","300","303"
"1110","F-00988","300","48"
"1109","F-00939","300","69"
"1107","F-01062","300","219"
"1106","F-00398","300","203"
"1105","F-00424","300","282"
"1104","F-01178","300","249"
"1103","F-00984","300","324"
"1102","F-01085","300","0"
"1101","F-00451X","300","280"
"1100","F-00988X","300","142"
"1099","F-00939X","300","121"
"1098","F-01062X","300","136"
"1097","F-00398X","300","108"
"1096","F-01178X","300","322"
"1095","F-00451XX","300","221"
"1094","F-00988XX","300","99"
"1093","F-00939XX","300","97"
"1092","F-01062XX","300","103"
"1091","F-00398XX","300","53"
"1090","F-00908","300","210"
"1089","F-00742","300","37"
"1088","F-00857","600","75"
"1087","F-01006","300","149"
"1086","F-01043","300","240"
"1085","F-00827","300","99"
"1084","F-00745","300","247"
"1083","F-00581","300","249"
"1082","F-00902A","300","3"
"1081","F-00902","300","0"
"1080","F-00560","300","0"
"1079","F-00275","300","262"
"1078","F-00973","300","105"
"1077","F-00803","300","100"
"1076","F-00644","300","56"
"1075","F-01095","300","556"
"1074","F-00276","300","0"
"1073","F-01003","300","23"
"1072","F-00678","300","326"
"1071","F-00880","300","519"
"1070","F-00444M","300","174"
"1069","F-00444","300","231"
"1068","F-00737M","300","165"
"1067","F-00737","300","140"
"1066","F-00103M","300","123"
"1065","F-00103","300","82"
"1064","F-00569","300","261"
"1063","F-00446","300","120"
"1062","F-00446A","300","295"
"1061","F-01002","300","275"
"1060","F-0000D","300","1912"
"1059","F-00207","300","23"
"1058","F-00176","300","288"
"1057","F-00211","300","444"
"1056","F-00880X","300","618"
"1055","F-00091","300","430"
"1054","F-00857X","300","364"
"1053","F-01006X","300","361"
"1052","F-00827X","300","395"
"1051","F-00745X","300","73"
"1050","F-00581X","300","71"
"1049","F-00902XA","140","66"
"1048","F-00902X","300","124"
"1047","F-00560X","300","107"
"1046","F-00275X","300","334"
"1045","F-01095X","300","357"
"1044","F-00276X","300","262"
"1043","F-00678X","300","328"
"1042","F-00444X","300","291"
"1041","F-00737X","300","136"
"1040","F-00569X","300","143"
"1039","F-00103X","300","34"
"1038","F-00207X","300","298"
"1036","F-00910","300","262"
"1035","F-01104","300","112"
"1034","F-01030","300","91"
"1033","F-00560XX","300","273"
"1032","F-00582","300","124"
"1031","F-01095XX","300","322"
"1030","F-00276XX","300","69"
"1028","F-00932","300","9"
"1027","F-00444XX","300","0"
"1026","F-00205","300","227"
"1024","F-00290","300","155"
"1023","F-00289","300","147"
"1022","F-00587M","300","271"
"1021","F-00587","300","146"
"1020","F-00588","300","334"
"1019","F-00910X","300","352"
"1018","F-01104X","300","172"
"1017","F-01030X","300","171"
"1016","F-00880XX","300","358"
"1015","F-00290X","300","356"
"1014","F-00289X","300","344"
"1013","F-00587X","300","427"
"1012","F-00588X","300","314"
"1011","F-00622","300","603"
"1010","F-01104XX","300","305"
"1009","F-01223","300","183"
"1008","F-00374","300","177"
"1007","F-00755","300","253"
"1006","F-00718","300","76"
"1005","F-00585","300","289"
"1004","F-00486A","300","311"
"1003","F-01063","300","114"
"1002","F-00450","300","144"
"1001","F-00801","300","122"
"1000","F-00274","300","244"
"999","F-00719","300","0"
"998","F-00274M","300","0"
"997","F-00756","300","0"
"996","F-01125","300","155"
"994","F-00273","300","49"
"993","F-00272","300","278"
"992","F-00725","300","331"
"991","F-00800","300","150"
"990","F-00046","140","388"
"989","F-00587XX","300","342"
"988","F-00850","140","105"
"987","F-00208","140","92"
"986","F-00588XX","300","337"
"985","F-01050","300","234"
"984","F-00704","300","226"
"983","F-00593","300","160"
"982","F-00417A","300","163"
"981","F-00762","300","116"
"980","F-00486","300","82"
"979","F-00029","300","100"
"978","F-00021","300","80"
"977","F-00417","300","75"
"976","F-00033","300","159"
"975","F-00017","300","71"
"974","F-00271","300","33"
"973","F-00539M","300","182"
"972","F-00539","300","380"
"971","F-00537","300","152"
"970","F-00209","140","165"
"969","F-00062M","300","85"
"968","F-00062","140","0"
"967","F-00727","300","0"
"966","F-00622X","300","360"
"965","F-01030XX","300","353"
"964","F-00755X","300","5"
"963","F-00718X","300","4"
"962","F-00585X","300","351"
"961","F-01063X","300","22"
"960","F-00801X","300","42"
"959","F-00450X","300","31"
"958","F-00756X","300","20"
"957","F-00719X","300","101"
"956","F-00274X","300","27"
"955","F-01125X","300","104"
"954","F-00273X","300","98"
"953","F-00272X","300","353"
"952","F-00725X","300","358"
"951","F-00800X","300","319"
"950","F-01050X","300","346"
"949","F-00762X","300","104"
"948","F-00486X","300","105"
"947","F-00029X","300","97"
"946","F-00021X","300","92"
"945","F-00593X","300","111"
"944","F-00417X","300","92"
"943","F-00033X","300","100"
"942","F-00017X","300","69"
"941","F-00539X","300","199"
"940","F-00539XM","300","422"
"939","F-00537X","300","51"
"938","F-00062X","300","211"
"937","F-00435","300","112"
"936","F-00073","300","101"
"935","F-00622XX","300","277"
"934","F-00755XX","300","141"
"933","F-00980","140","161"
"932","F-00673","140","93"
"931","F-00358","140","174"
"930","F-00762XX","300","78"
"929","F-00486XX","300","80"
"928","F-00029XX","300","80"
"927","F-00021XX","300","123"
"926","F-00033XX","300","157"
"925","F-00017XX","300","123"
"924","F-01069","300","158"
"923","F-01066","300","149"
"922","F-00537XX","300","335"
"921","F-00062XX","300","32"
"919","F-00980X","300","140"
"918","F-00673X","300","106"
"917","F-00495","140","143"
"916","F-00433","300","90"
"915","F-00343","300","285"
"914","F-00633","140","125"
"913","F-00431","140","114"
"912","F-00081","140","61"
"911","F-01069X","300","298"
"910","F-00522","300","183"
"909","F-00729","300","3"
"908","F-00113","140","616"
"907","F-00752","300","83"
"906","F-00750","300","81"
"905","F-00286","300","204"
"904","F-01090","300","514"
"903","F-00843","300","54"
"902","F-00816","300","107"
"901","F-01023","300","100"
"900","F-00869","300","397"
"899","F-00045","300","564"
"898","F-00706","300","254"
"897","F-00709","300","460"
"896","F-00961","300","347"
"895","F-00814","300","61"
"894","F-00269M","300","11"
"893","F-00743","300","55"
"892","F-00269","300","122"
"891","F-00204","140","107"
"890","F-00269A","300","223"
"889","F-01151","300","38"
"888","F-00749","300","41"
"887","F-00662X","300","49"
"886","F-00662","300","48"
"885","F-00546M","300","40"
"884","F-00546","300","54"
"883","F-00139M","300","24"
"882","F-00139","300","25"
"881","F-00478","300","128"
"880","F-00172","300","108"
"879","F-00548","140","16"
"878","F-00434","140","33"
"877","F-00943","300","265"
"876","F-00057","300","225"
"875","F-00022","300","240"
"874","F-00754","300","7"
"873","F-00492","300","40"
"871","F-00394","140","354"
"870","F-00835","140","213"
"869","F-00589A","300","323"
"868","F-00378","300","421"
"867","F-01048","300","119"
"866","F-00589","300","59"
"865","F-00404","140","171"
"864","F-00142","140","12"
"863","F-00981M","300","101"
"862","F-00981","140","129"
"861","F-00479M","300","115"
"860","F-00479","140","150"
"859","F-00026M","300","40"
"858","F-00026","140","0"
"856","F-00584","300","19"
"855","F-00409","300","339"
"854","F-01024","140","173"
"853","F-00487","140","64"
"852","F-00169","140","37"
"851","F-00979","140","222"
"850","F-00682","140","246"
"849","F-00319","140","230"
"848","F-00088","140","75"
"847","F-00134","140","72"
"846","F-00132","140","64"
"845","F-00996","300","201"
"844","F-00970","300","206"
"843","F-01177","300","243"
"842","F-00810","300","206"
"841","F-00751","300","170"
"840","F-00951","300","78"
"839","F-00872","300","48"
"838","F-00624","300","28"
"837","F-00766","300","119"
"836","F-00375","300","97"
"835","F-01045","300","51"
"834","F-00847","300","50"
"833","F-00940","300","372"
"832","F-00899","300","266"
"831","F-00697","300","248"
"830","F-00540","300","499"
"829","F-00950","300","204"
"828","F-00871","300","137"
"826","F-00962","300","127"
"825","F-00960","300","106"
"824","F-00914","300","76"
"823","F-00270","300","61"
"821","F-00268","300","44"
"820","F-00814X","300","324"
"819","F-00900","300","189"
"818","F-00809","300","165"
"817","F-00698","300","281"
"816","F-00139X","300","18"
"815","F-00735","300","398"
"814","F-00734","300","332"
"813","F-00128","300","135"
"812","F-00765","300","150"
"811","F-00133","300","353"
"810","F-00985","140","157"
"809","F-00817","140","148"
"808","F-01023X","300","180"
"807","F-00869X","300","166"
"806","F-00706X","300","276"
"805","F-00270AX","300","204"
"804","F-00961X","300","288"
"803","F-00743X","300","124"
"802","F-00269X","300","117"
"801","F-01151X","300","25"
"800","F-00749ï¿½","300","27"
"799","F-00662M","300","99"
"798","F-00546X","300","103"
"797","F-00139X1","300","338"
"796","F-00057X","300","143"
"795","F-00022X","300","136"
"794","F-00754X","300","117"
"793","F-00492X","300","34"
"792","F-01048X","300","146"
"791","F-00589X","300","120"
"790","F-00026X","300","69"
"789","F-00378X","300","502"
"788","F-00584X","300","120"
"787","F-00409X","300","127"
"786","F-00996X","300","167"
"785","F-00970X","300","164"
"784","F-01177X","300","200"
"783","F-00810X","300","210"
"782","F-00931","300","256"
"781","F-01054","300","170"
"780","F-00986","300","141"
"779","F-00825","300","100"
"778","F-00752XX","300","32"
"777","F-00671","300","75"
"776","F-00951X","300","81"
"775","F-00872X","300","89"
"774","F-00624X","300","59"
"773","F-00838","300","330"
"772","F-01090XX","300","14"
"771","F-00766X","300","23"
"770","F-00375X","300","12"
"769","F-01028","300","280"
"768","F-01029","300","174"
"767","F-01045X","300","125"
"766","F-00847X","300","112"
"765","F-00267","300","0"
"764","F-00266","300","49"
"763","F-00540X","300","332"
"762","F-00270X","300","241"
"761","F-00960X","300","44"
"760","F-00914X","300","62"
"759","F-00877","300","0"
"758","F-00265","300","0"
"757","F-00839","300","40"
"756","F-00821","300","46"
"755","F-00698X","300","21"
"754","F-00057XX","300","155"
"753","F-00022XX","300","152"
"752","F-00735X","300","317"
"751","F-00734X","300","448"
"750","F-00128X","300","386"
"749","F-00492XX","300","111"
"748","F-00589XX","300","207"
"747","F-00378XX","300","154"
"746","F-01048XX","300","80"
"745","F-00765X","300","74"
"743","F-00133X","300","67"
"742","F-00811","140","160"
"741","F-00408","140","359"
"740","F-00101","140","56"
"739","F-00367","140","276"
"738","F-00931X","300","316"
"737","F-01054X","300","81"
"736","F-00986X","300","78"
"735","F-00825X","300","78"
"734","F-00671X","300","68"
"733","F-00838X","300","365"
"732","F-01028X","300","345"
"731","F-00922","300","8"
"730","F-00683","300","12"
"729","F-00267X","300","12"
"728","F-00264","300","18"
"727","F-00263","300","15"
"726","F-00266X","300","298"
"725","F-00540XX","300","132"
"724","F-00877X","300","359"
"723","F-00265X","300","437"
"722","F-00839X","300","248"
"721","F-00821X","300","262"
"720","F-00859","140","152"
"719","F-00826","300","173"
"718","F-01154","300","110"
"717","F-01019","300","56"
"716","F-00990","300","78"
"715","F-00930","300","234"
"714","F-01176","300","51"
"713","F-00881","300","41"
"712","F-00400","300","35"
"711","F-00780","300","266"
"710","F-00832","300","0"
"709","F-00376","300","0"
"708","F-00259M","300","0"
"707","F-00259","300","243"
"706","F-00544A","300","91"
"705","F-00994","300","133"
"704","F-00813","300","88"
"703","F-01138","300","67"
"702","F-00922X","300","53"
"701","F-00683X","300","28"
"700","F-00544","300","3"
"699","F-00501","300","76"
"698","F-00952","300","190"
"697","F-00542M","300","165"
"696","F-00475","300","1"
"695","F-00542A","300","246"
"694","F-00542","260","0"
"693","F-00257","300","198"
"692","F-00447","300","87"
"691","F-00401","300","36"
"690","F-00401A","300","306"
"689","F-01107","300","185"
"688","F-00934","300","86"
"687","F-00695","300","224"
"686","F-00583","300","196"
"685","F-00592","300","140"
"684","F-00262M","300","166"
"683","F-00262","300","239"
"682","F-00258","300","285"
"681","F-01141","300","236"
"680","F-00380","300","329"
"679","F-00694","300","154"
"678","F-00535","300","213"
"677","F-00812","300","27"
"676","F-00545","300","108"
"675","F-00541","300","72"
"674","F-00371","300","104"
"673","F-00261","300","7"
"672","F-01170","300","68"
"671","F-00923","300","33"
"670","F-00545M","300","123"
"669","F-00371M","300","151"
"668","F-00261M","300","85"
"667","F-00206","140","1046"
"666","F-00373","300","46"
"665","F-00389","140","235"
"664","F-00675","140","53"
"663","F-00490","140","57"
"662","F-00124","140","28"
"661","F-00047","140","19"
"660","F-00331","140","183"
"659","F-00303","140","60"
"658","F-00483","140","175"
"657","F-00025","140","164"
"656","F-00309","140","289"
"655","F-00256","300","743"
"654","F-00339","300","446"
"653","F-00520","140","199"
"652","F-00141","140","294"
"651","F-00826X","300","327"
"650","F-01154X","300","146"
"649","F-01019X","300","142"
"648","F-00990X","300","143"
"647","F-00930X","300","139"
"646","F-01176X","300","99"
"645","F-00881X","300","100"
"644","F-00400X","300","96"
"643","F-00780X","300","308"
"642","F-00832X","300","229"
"641","F-00259X","300","39"
"640","F-00247","300","20"
"639","F-01138X","300","19"
"638","F-00994X","300","20"
"637","F-00813X","300","25"
"636","F-00544X","300","27"
"635","F-00501X","300","28"
"634","F-00952X","300","208"
"633","F-00542X","300","6"
"632","F-00475X","300","191"
"631","F-01044","300","11"
"630","F-00447X","300","26"
"629","F-00401X","300","54"
"628","F-00255M","300","26"
"627","F-00401AX","300","350"
"625","F-01107X","300","173"
"624","F-00934X","300","167"
"623","F-00254","300","166"
"622","F-00253","300","60"
"621","F-00592X","300","90"
"620","F-00262X","300","11"
"619","F-00380X","300","296"
"618","F-00524","300","103"
"617","F-00535X","300","282"
"616","F-00399","300","193"
"615","F-00251","300","177"
"614","F-01170X","300","124"
"613","F-00923X","300","139"
"612","F-00541X","300","46"
"611","F-00371X","300","50"
"610","F-00261X","300","22"
"609","F-00373X","300","317"
"608","F-00025X","300","415"
"607","F-00826XX","300","324"
"606","F-00242","300","279"
"605","F-00788","140","71"
"604","F-00282","300","69"
"603","F-00860","300","53"
"602","F-00808","300","41"
"601","F-00247X","300","252"
"600","F-00377","300","3"
"599","F-00714","300","57"
"598","F-00518M","300","109"
"597","F-00518","300","90"
"596","F-00293","300","70"
"595","F-00241M","300","8"
"594","F-00241","300","61"
"593","F-00255X","300","138"
"592","F-00661M","300","134"
"591","F-00661","300","152"
"590","F-00120M","300","57"
"589","F-00120","300","67"
"588","F-00411","300","284"
"587","F-00534M","300","239"
"586","F-00534","300","426"
"585","F-00534A","300","20"
"584","F-00669","300","35"
"583","F-00288M","300","104"
"582","F-00253X","300","138"
"581","F-00288","300","416"
"580","F-00935","300","91"
"579","F-00106","260","98"
"578","F-00819","300","6"
"577","F-00731","300","8"
"575","F-00524X","300","211"
"574","F-00094","300","193"
"573","F-00658","300","115"
"572","F-00246","300","112"
"571","F-00129","300","86"
"570","F-00488","300","196"
"569","F-00604","300","189"
"568","F-00527","300","214"
"567","F-00126A","300","74"
"566","F-00281","300","149"
"565","F-00244","300","146"
"564","F-01173","140","106"
"563","F-00096","140","111"
"562","F-01046","300","237"
"560","F-00031","140","100"
"558","F-01046M","300","534"
"557","F-00448","300","0"
"556","F-00126","300","386"
"555","F-01175","300","0"
"554","F-00653","300","0"
"553","F-01222","300","110"
"552","F-01042","300","105"
"551","F-00485","300","52"
"550","F-00467","300","66"
"549","F-00369","300","102"
"548","F-00023","300","84"
"547","F-00844","300","0"
"546","F-00243M","300","129"
"545","F-00243","300","58"
"544","F-00093","300","47"
"543","F-01166","300","190"
"542","F-00713","300","70"
"541","F-00071","300","162"
"540","F-00721","140","373"
"539","F-00423","300","243"
"538","F-00530","140","0"
"537","F-00107","300","180"
"536","F-00631","300","132"
"535","F-00509","300","117"
"534","F-00245","300","190"
"533","F-00245M","300","270"
"532","F-00199","140","152"
"531","F-00009","140","66"
"530","F-00696","140","37"
"529","F-00724","300","189"
"528","F-00406","300","171"
"527","F-00135","300","49"
"526","F-00422","140","0"
"525","F-00196","140","0"
"524","F-00311","140","66"
"523","F-00489","300","277"
"522","F-00312","140","21"
"521","F-00301","140","12"
"520","F-00613","200","82"
"519","F-00072","300","509"
"518","F-0000C","300","433"
"517","F-00911","300","125"
"516","F-00764","300","131"
"515","F-00015","300","55"
"514","F-00038M","300","173"
"513","F-00038","300","130"
"512","F-00014M","300","222"
"511","F-00014","300","110"
"510","F-00243X1","300","0"
"509","F-00038X1","300","0"
"508","F-00014X1","300","0"
"507","F-00242X","300","349"
"506","F-00377X","300","281"
"505","F-00714X","300","122"
"504","F-00518X","300","121"
"503","F-00293X","300","130"
"502","F-00241X","300","103"
"501","F-00120X","300","34"
"500","F-00534X","300","232"
"498","F-00669X","300","114"
"497","F-00288X","300","117"
"496","F-00935X","300","148"
"495","F-00106X","300","132"
"494","F-00094X","300","278"
"493","F-00246X","300","50"
"492","F-00129X","300","26"
"491","F-00488X","300","234"
"490","F-00448X","300","5"
"489","F-00281X","300","147"
"488","F-00070X","300","157"
"487","F-01175X","300","0"
"486","F-00653X","300","0"
"485","F-00911X","300","35"
"484","F-00764X","300","38"
"483","F-00485X","300","39"
"482","F-00467X","300","41"
"481","F-00369X","300","24"
"480","F-00023X","300","10"
"479","F-00015X","300","5"
"478","F-00243X","300","4"
"477","F-00038X","300","12"
"476","F-00014X","300","12"
"475","F-00713X","300","279"
"474","F-00071X","300","273"
"473","F-00423X","300","295"
"472","F-00107X","300","137"
"471","F-00724X","300","73"
"470","F-00406X","300","87"
"469","F-00135X","300","74"
"468","F-00072X","300","340"
"467","F-00941","300","281"
"466","F-01099","300","164"
"465","F-01096","300","167"
"464","F-01150","300","165"
"463","F-00712","300","114"
"462","F-00599","300","177"
"461","F-00099A","140","86"
"460","F-00234","300","88"
"459","F-00171A","300","294"
"458","F-00965","300","103"
"457","F-00818","300","229"
"456","F-00171","300","281"
"455","F-00426","300","188"
"454","F-00407","300","72"
"453","F-00233","300","199"
"452","F-00232","300","188"
"451","F-00917","300","157"
"450","F-00878M","300","125"
"449","F-00878","300","37"
"448","F-00515M","300","267"
"447","F-00515","300","27"
"446","F-00231","300","47"
"445","F-00291","300","285"
"444","F-01117","300","2"
"443","F-00230","300","264"
"442","F-01009","300","111"
"441","F-00983","300","41"
"440","F-00668","300","92"
"439","F-00240","300","34"
"438","F-00230M","300","90"
"437","F-00228","300","18"
"436","F-01129","300","167"
"435","F-00919","300","84"
"434","F-00717","300","531"
"433","F-00397","300","315"
"432","F-01092M","300","158"
"431","F-01092","300","100"
"430","F-00474","300","129"
"429","F-00090M","300","141"
"428","F-00090","300","88"
"427","F-00488XX","300","172"
"426","F-01018","300","278"
"425","F-00229","300","294"
"424","F-01039","300","100"
"423","F-00829","300","139"
"422","F-00716","300","129"
"421","F-00543","300","48"
"420","F-00229M","300","124"
"419","F-00238","300","377"
"418","F-01039A","300","286"
"417","F-00612","300","77"
"416","F-00387M","140","217"
"415","F-00387","140","82"
"414","F-00911XX","300","30"
"413","F-00764XX","300","37"
"412","F-00485XX","300","36"
"411","F-00467XX","300","30"
"410","F-00369XX","300","32"
"409","F-00023XX","300","34"
"408","F-00015XX","300","18"
"407","F-00243XX","300","62"
"406","F-00227","300","39"
"405","F-00038XX","300","46"
"404","F-00014XX","300","35"
"403","F-00121","300","68"
"402","F-00095","300","45"
"401","F-00830","300","45"
"400","F-00652","300","124"
"399","F-00121M","300","94"
"398","F-00095M","300","55"
"397","F-01158","140","83"
"396","F-00048","140","28"
"395","F-00445","300","270"
"394","F-00077","300","320"
"393","F-00601","300","217"
"392","F-00476","300","176"
"391","F-00966","300","275"
"390","F-00833","300","27"
"389","F-00226M","300","43"
"388","F-00226","300","234"
"387","F-01021","300","194"
"386","F-00360","300","77"
"385","F-00287","300","209"
"384","F-00237","300","237"
"383","F-00496","140","49"
"382","F-00295","140","79"
"381","F-00198","300","233"
"380","F-00078","140","59"
"379","F-00738","300","318"
"378","F-00831","300","167"
"377","F-00783","300","130"
"376","F-00651","300","122"
"375","F-00239","300","77"
"374","F-00236","300","281"
"373","F-00285","300","243"
"372","F-00028","140","745"
"371","F-00089","140","444"
"370","F-01157","140","158"
"369","F-00332","140","168"
"368","F-00941X","300","345"
"367","F-01596","300","101"
"366","F-00599X","300","265"
"365","F-00234X","300","64"
"364","F-00965X","300","275"
"363","F-00426X","300","37"
"362","F-00407X","300","49"
"361","F-00233X","300","48"
"360","F-00232X","300","47"
"359","F-00878X","300","26"
"358","F-00917X","300","179"
"357","F-00231X","300","125"
"356","F-01009X","300","74"
"355","F-00983X","300","62"
"354","F-00668X","300","40"
"353","F-00240X","300","22"
"352","F-00230X","300","51"
"351","F-00228X","300","22"
"350","F-01129X","300","155"
"349","F-00919X","300","146"
"348","F-00397X","300","332"
"347","F-01092X","300","156"
"346","F-00474X","300","112"
"345","F-01018X","300","293"
"344","F-01039X","300","67"
"343","F-00716X","300","55"
"342","F-00543X","300","48"
"341","F-00229X","300","58"
"340","F-00829X","300","169"
"339","F-00612X","300","161"
"338","F-00238X","300","294"
"337","F-00933","300","81"
"336","F-00830X","300","86"
"335","F-00652X","300","84"
"334","F-00121X","300","39"
"333","F-00095X","300","76"
"332","F-00077X","300","359"
"331","F-00601X","300","153"
"330","F-00476X","300","131"
"329","F-00445X","300","329"
"328","F-00966X","300","321"
"327","F-01021X","300","73"
"326","F-00833X","300","84"
"325","F-00360X","300","52"
"324","F-00226X","300","60"
"323","F-00198X","300","277"
"322","F-00831X","300","58"
"321","F-00783X","300","49"
"320","F-00651X","300","59"
"319","F-00236X","300","304"
"318","F-00285X","300","334"
"317","F-00028X","300","270"
"316","F-00927","140","90"
"315","F-00820","140","71"
"314","F-00837","140","58"
"313","F-00590","140","170"
"312","F-00130","140","579"
"311","F-00086","140","538"
"310","F-00296","140","353"
"309","F-01065","100","135"
"308","F-00758","100","139"
"307","F-00118","100","52"
"306","F-00036","100","103"
"305","F-00032","100","116"
"304","F-00082","100","210"
"303","F-00079","300","38"
"302","F-00926","300","55"
"301","F-00292M","300","39"
"300","F-00225M","300","85"
"299","F-00292","300","67"
"298","F-00225","300","44"
"297","F-00224","300","175"
"296","F-00090XX","300","141"
"295","F-00499","300","159"
"294","F-00402","300","123"
"293","F-00195","140","210"
"292","F-00223","300","60"
"291","F-00360XX","300","77"
"290","F-00226XX","300","105"
"289","F-00226XM","300","106"
"288","F-00916","140","460"
"287","F-00194","140","376"
"286","F-01179M","300","87"
"285","F-00396M","300","85"
"284","F-00024M","300","80"
"283","F-00012M","300","75"
"282","F-01179","300","70"
"281","F-00396","300","58"
"280","F-00024","300","52"
"279","F-00012","300","13"
"278","F-00034","300","95"
"277","F-00016","300","95"
"276","F-00642","300","35"
"275","F-00441","300","25"
"274","F-00035","300","64"
"273","F-00018","300","21"
"272","F-00097","140","335"
"271","F-00028XX","300","175"
"270","F-00089X","140","163"
"269","F-00739","300","115"
"268","F-00440","300","114"
"267","F-00865","100","150"
"266","F-00019","100","165"
"265","F-00901","300","67"
"264","F-00926X","300","94"
"263","F-00292X","300","79"
"262","F-00225X","300","89"
"261","F-00499X","300","146"
"260","F-00402X","300","147"
"259","F-01179X","300","155"
"258","F-00396X","300","143"
"257","F-00024X","300","144"
"256","F-00034X","300","230"
"255","F-00016X","300","238"
"254","F-00642X","300","70"
"253","F-00441X","300","53"
"252","F-00035X","300","58"
"251","F-00018X","300","67"
"250","F-00739X","300","131"
"249","F-00440X","300","112"
"248","F-0000B","300","456"
"247","F-00938","140","51"
"246","F-00526","140","93"
"245","F-00748","140","304"
"244","F-00123","300","470"
"243","F-00513","300","11"
"242","F-00797","300","72"
"241","F-00672","300","61"
"240","F-00512","300","52"
"238","F-00222","300","58"
"236","F-00221","300","48"
"235","F-00949","300","128"
"234","F-00807","300","134"
"233","F-00223XX","300","233"
"232","F-00220","300","40"
"231","F-00670A","300","0"
"230","F-00494","300","449"
"229","F-00948","300","18"
"228","F-00806","300","24"
"227","F-00670","300","147"
"226","F-00219","300","159"
"225","F-00889","140","37"
"224","F-00381","300","2"
"223","F-00333","140","38"
"222","F-00304","140","33"
"221","F-01010","140","10"
"220","F-00283","300","269"
"219","F-00396XX","300","92"
"218","F-00024XX","300","84"
"217","F-00642XX","300","36"
"216","F-00441XX","300","44"
"215","F-00035XX","300","37"
"214","F-00018XX","300","34"
"213","F-00497","300","244"
"212","F-00796","300","104"
"211","F-00280","300","98"
"210","F-00098","300","263"
"209","F-00890","140","56"
"208","F-00759","140","44"
"207","F-00680","140","58"
"206","F-00193","140","25"
"205","F-00069","140","21"
"204","F-00425","140","8"
"203","F-00284","300","338"
"202","F-00027","140","427"
"201","F-00123X","300","108"
"200","F-00797X","300","60"
"199","F-00672X","300","51"
"198","F-00512X","300","57"
"197","F-00222X","300","57"
"196","F-00221X","300","51"
"195","F-00949X","300","165"
"194","F-00807X","300","167"
"193","F-00220X","300","40"
"192","F-00670AX","300","24"
"191","F-00494X","300","345"
"190","F-00948X","300","164"
"189","F-00806X","300","164"
"188","F-00670X","300","84"
"187","F-00381X","300","94"
"186","F-00219X","300","87"
"185","F-00283X","300","647"
"184","F-00497X","300","375"
"183","F-00796X","300","50"
"182","F-00284X","300","334"
"181","F-00027X","300","328"
"180","F-00576","300","93"
"179","F-00494XX","300","311"
"178","F-00497XX","300","306"
"177","F-00547","300","278"
"176","F-00605","140","213"
"175","F-00442","140","184"
"174","F-00493","140","11"
"173","F-00531","140","91"
"172","F-00720","140","223"
"171","F-00667","140","219"
"170","F-00168","140","131"
"169","F-01148","140","331"
"168","F-00547X","300","325"
"167","F-00191","140","55"
"166","F-00104","140","112"
"165","F-00109","140","463"
"164","F-00420","140","162"
"163","F-00108","140","153"
"162","F-00667X","300","67"
"161","F-00659","300","15"
"160","F-00531X","300","16"
"159","F-00186","140","135"
"158","F-00100","140","116"
"157","F-00100A","140","297"
"156","F-00186A","140","0"
"155","F-01167","140","90"
"154","F-01153","140","71"
"153","F-00216","300","54"
"152","F-00166","140","56"
"151","F-00562","140","7"
"150","F-00640","140","75"
"149","F-00609","140","61"
"148","F-00502","140","136"
"147","F-00153","140","130"
"146","F-00217","300","272"
"145","F-00058","100","235"
"144","F-00884","100","108"
"143","F-00666","100","58"
"142","F-00054","100","37"
"141","F-01159","100","0"
"140","F-00978","100","20"
"139","F-00887","100","20"
"138","F-00681","100","50"
"137","F-00663","100","40"
"136","F-00558","100","48"
"135","F-00297","100","50"
"134","F-00063","100","17"
"133","F-00138","140","214"
"132","F-01159X","140","41"
"131","F-00978X","140","46"
"130","F-00887X","140","28"
"129","F-00681X","140","15"
"128","F-00663X","140","27"
"127","F-00558X","140","13"
"126","F-00297X","140","24"
"125","F-00063X","140","16"
"124","F-00915","140","97"
"123","F-00436","140","108"
"122","F-00641","140","73"
"121","F-00163","140","94"
"120","F-00158","140","122"
"119","F-00146","140","50"
"118","F-00561","100","117"
"117","F-00368","100","16"
"116","F-00868","100","165"
"115","F-00895","100","167"
"114","F-00688","100","70"
"113","F-00677","100","69"
"112","F-00087","100","32"
"111","F-00529","140","209"
"110","F-01071","140","99"
"109","F-00421","140","70"
"108","F-00145","140","93"
"107","F-00143","140","91"
"106","F-00144","140","79"
"105","F-00533","100","259"
"104","F-00607","100","474"
"103","F-00308","140","160"
"102","F-00184","140","292"
"101","F-00886","140","24"
"100","F-00140","140","44"
"99","F-01105","100","114"
"98","F-01100","100","64"
"97","F-00849","100","82"
"96","F-00037","100","30"
"95","F-00011","100","37"
"94","F-00040","100","65"
"93","F-00039","100","44"
"92","F-00030A","140","351"
"91","F-01052","100","198"
"90","F-01051","100","98"
"89","F-00418","100","193"
"88","F-00187","100","82"
"87","F-00366","100","306"
"86","F-01072","100","64"
"85","F-00779","100","77"
"84","F-00600","100","70"
"83","F-00403","100","94"
"82","F-00114","100","53"
"81","F-00619","100","279"
"80","F-00769","100","133"
"79","F-00315","100","108"
"78","F-00111","100","193"
"77","F-00740","100","15"
"76","F-00110","100","37"
"75","F-00993","100","314"
"74","F-00459","140","416"
"73","F-00484","100","1015"
"72","F-00313","100","323"
"71","F-00307","140","287"
"70","F-00163X","140","228"
"69","F-00993X","100","385"
"68","F-00313X","140","102"
"67","F-01140","100","36"
"66","F-00395","100","331"
"65","F-00189","100","150"
"64","F-00657","100","98"
"63","F-00136","100","83"
"61","F-01072X","140","11"
"60","F-00779X","140","22"
"59","F-00600X","140","10"
"58","F-00403X","140","19"
"57","F-00366X","140","19"
"56","F-00114X","140","6"
"55","F-00484X","140","101"
"54","F-00464","140","294"
"53","F-00185","100","236"
"52","F-00421X","140","39"
"51","F-00741","140","199"
"50","F-00164","140","202"
"49","F-00959","100","162"
"48","F-00117","100","180"
"47","F-00648","100","66"
"46","F-00517","100","72"
"45","F-00183","100","70"
"44","F-00051","100","47"
"43","F-01091","100","76"
"42","F-00855","100","69"
"41","F-00771","100","67"
"40","F-00152","100","45"
"39","F-00782","100","49"
"38","F-00632","100","97"
"37","F-00080","100","67"
"36","F-00182","100","195"
"35","F-00982","140","149"
"34","F-00519","140","146"
"33","F-00781X","140","0"
"32","F-00687","300","93"
"31","F-00122","300","44"
"30","F-00165","140","196"
"29","F-00465","140","253"
"28","F-00154","100","226"
"27","F-00473","100","149"
"26","F-00414","100","52"
"25","F-00356","140","73"
"24","F-00556","140","288"
"23","F-00586","140","311"
"22","F-00506","140","67"
"21","F-00148","140","63"
"20","F-00976","100","300"
"19","F-01106","140","25"
"18","F-00894","140","17"
"17","F-00689","140","20"
"16","F-00555","140","35"
"15","F-00149","140","12"
"14","F-00052","100","144"
"13","F-00365","100","96"
"12","F-00744","140","25"
"11","F-00597","140","25"
"10","F-00432","140","22"
"9","F-00523","300","519"
"8","F-00372","300","550"
"7","F-00726","300","570"
"6","F-00178","300","232"
"5","F-00102","300","436"
"4","F-00608","140","443"
"3","F-00355","100","246"
"2","F-00074","100","186"
"1","F-0000A","300","282"